LO,SHNT_PLACE_SN,RN_DTL_ADRES,SHNT_PLACE_NM,EV_ANTCTY,ARCD,SHNT_PLACE_DTL_POSITION,USE_AT,LA,SHNTDTR_SN,SHNT_PLACE_TY_CD,ERTHQK_SHUNT_AT,PSBL_NMPR,RDNMADR_CD
129.3921462,3,경상북도 울진군 근남면 노음6길 22,노음초등학교 운동장,7,4793000000,경상북도 울진군 근남면 노음리 535,Y,36.95847093,48,5,N,300,4.79303E+24
129.4127387,1,,망양정,42,4793000000,경상북도 울진군 근남면 산포리 714,Y,36.9665837,49,2,N,100,
129.4122693,2,,해맞이공원 주차장,21,4793000000,경상북도 울진군 근남면 산포리 661-3,Y,36.9649207,49,2,N,300,
129.4124329,3,,산포리 641-2번지 도로일대,14,4793000000,경상북도 울진군 근남면 산포리 642,Y,36.9618945,49,2,N,100,
129.3904844,1,,청진1리 GS주유소 앞 ,30,4711300000,경상북도 포항시 북구 청하면 청진리 78,Y,36.1790208,6,2,N,70,
129.3960714,2,경상북도 포항시 북구 청하면 해안로 1889-9 ,스타팜펜션 앞 공터,20,4711300000,경상북도 포항시 북구 청하면 청진리 413,Y,36.1705054,6,2,N,50,4.71133E+24
129.3927884,3,,청진2리 선정마을입구,27,4711300000,경상북도 포항시 북구 청하면 청진리 309-1,Y,36.1745478,6,2,N,80,
129.4920194,1,,엘라포니시 맞은 편,15,4713000000,경상북도 경주시 감포읍 대본리 산 173-1,Y,35.7524659,5,2,N,1000,
129.4837797,2,경상북도 경주시 감포읍 동해안로 1473,문무대왕 해양역사관,15,4713000000,경상북도 경주시 감포읍 대본리 671,Y,35.7449797,5,2,N,200,4.71303E+24
129.4908929,3,,감포관광단지 주차장,15,4713000000,경상북도 경주시 감포읍 대본리 1254,Y,35.7669638,5,2,N,3000,
129.4848955,4,경상북도 경주시 감포읍 동해안로 1497-1 ,대본3리마을회관,15,4713000000,경상북도 경주시 감포읍 대본리 584,Y,35.7461161,5,2,N,50,4.71303E+24
129.4044051,1,경상북도 포항시 남구 정몽주로 890(청림동),청림초등학교 운동장,9,4711100000,경상북도 포항시 남구 청림동 934-6,Y,35.99493254,4,3,N,500,4.71111E+24
129.4152144,2,경상북도 포항시 남구 동해안로 5923(일월동),해병대 북문 주변,12,4711100000,경상북도 포항시 남구 일월동 675-1,Y,35.9940645,4,2,N,150,4.71111E+24
128.6294633,1,,낙산사 야산,30,5183000000,강원특별자치도 양양군 강현면 전진리 산 8-2,Y,38.12313018,8,2,N,4300,
128.627483,2,,조산리 야산,20,5183000000,강원특별자치도 양양군 강현면 주청리 산 6-2,Y,38.115399,8,2,N,1000,
129.377638,1,,원척리 마을입구공터,26,4777000000,경상북도 영덕군 남정면 원척리 218-1,Y,36.2978761,12,2,N,270,
129.4732976,1,,거일평화 교회,27,4793000000,경상북도 울진군 평해읍 거일리 157,Y,36.7052659,22,2,N,500,
129.4740942,2,,마을뒷산 고지대,27,4793000000,경상북도 울진군 평해읍 거일리 192,Y,36.7034489,22,3,N,200,
129.4751537,3,경상북도 울진군 평해읍 울진대게로 541-21 ,마을뒷산 고지대,25,4793000000,경상북도 울진군 평해읍 거일리 220,Y,36.6999823,22,2,N,100,4.79303E+24
129.4729999,4,,마을뒷산 고지대,25,4793000000,경상북도 울진군 평해읍 거일리 산 159,Y,36.6977199,22,2,N,300,
129.4614851,1,경상북도 울진군 후포면 후포6길 10-14 ,후포등기산공원,43,4793000000,경상북도 울진군 후포면 후포리 581,Y,36.6822211,30,2,N,800,4.79304E+24
129.4607905,2,경상북도 울진군 후포면 후포로 195(서진용마맨션),용마맨션 옥상,19,4793000000,경상북도 울진군 후포면 후포리 581-5,Y,36.6816382,30,4,N,300,4.79304E+24
129.4635585,3,,등기산 주차장,25,4793000000,경상북도 울진군 후포면 후포리 563,Y,36.6817673,30,2,N,800,
129.4650203,4,,전망대,25,4793000000,경상북도 울진군 후포면 후포리 564-69,Y,36.6803067,30,2,N,100,
129.4649988,5,,망사정,21,4793000000,경상북도 울진군 후포면 후포리 산 141-1,Y,36.6802035,30,2,N,200,
128.5912049,2,,(구)측후소,30,5121000000,강원특별자치도 속초시 중앙동 469-4,Y,38.20680841,6,2,N,500,
128.5937677,1,강원특별자치도 속초시 설악금강대교로 115(청호동),설악대교,24,5121000000,강원특별자치도 속초시 청호동 1341-10,Y,38.2004539,10,3,N,300,4.22101E+24
128.593419,2,강원특별자치도 속초시 아바이마을길 27-2 (청호동),금강대교,24,5121000000,강원특별자치도 속초시 청호동 550-6,Y,38.2040875,10,3,N,500,4.22101E+24
129.3748552,1,,부구교회  뒤 밭,16,4793000000,경상북도 울진군 북면 부구리 211-11,Y,37.1055982,36,3,N,50,
129.3729883,2,경상북도 울진군 북면 부구3길 12,북면사무소,8,4793000000,경상북도 울진군 북면 부구리 175,Y,37.1049928,36,2,N,100,4.79303E+24
129.37235,3,,흥부문화체육센터,12,4793000000,경상북도 울진군 북면 부구리 159-9,Y,37.1037136,36,1,Y,50,
129.3716866,4,경상북도 울진군 북면 울진북로 2081,부구초등학교 운동장,24,4793000000,경상북도 울진군 북면 부구리 278,Y,37.10273259,36,3,N,100,4.79303E+24
129.4030452,1,경상북도 울진군 근남면 산포1길 34,방사능센터,5,4793000000,경상북도 울진군 근남면 산포리 822-3,Y,36.9613159,50,1,Y,300,4.79303E+24
129.4085786,2,,산포리 030-4번지 일대 밭,14,4793000000,경상북도 울진군 근남면 산포리 1030-4,Y,36.9588426,50,2,N,100,
129.2418417,1,,사랑애 펜션 앞 도로,15,2671000000,부산광역시 기장군 기장읍 죽성리 957,Y,35.2376781,6,3,N,360,
129.243485,2,,월전마을 야산 사거리,15,2671000000,부산광역시 기장군 기장읍 죽성리 296-1,Y,35.239763,6,3,N,2000,
129.243623,3,부산광역시 기장군 기장읍 두호길 8-16 ,왜성주차장,15,2671000000,부산광역시 기장군 기장읍 죽성리 267,Y,35.24103,6,2,N,2000,2.67103E+24
129.2394546,3,,대복수산 앞 도로,14,2671000000,부산광역시 기장군 일광면 이천리 937,Y,35.2671096,7,3,N,320,
129.2321026,4,,다미원수산 앞 도로,14,2671000000,부산광역시 기장군 일광면 삼성리 118-21,Y,35.2611462,7,3,N,800,
129.2321804,5,,비스타동원아파트 앞 도로,18,2671000000,부산광역시 기장군 일광면 이천리 산 36-50,Y,35.2702105,7,3,N,1600,
129.2566073,1,,부경대수산과학연구소 앞 야산,17,2671000000,부산광역시 기장군 일광면 동백리 251-5,Y,35.285179,8,2,N,2600,
129.2590213,1,부산광역시 기장군 장안읍 해맞이로 167,장안어린이집,15,2671000000,부산광역시 기장군 장안읍 임랑리 110-3,Y,35.3170621,9,4,N,480,2.67103E+24
129.2609659,2,,임랑야산(대덕사) 입구,11,2671000000,부산광역시 기장군 장안읍 임랑리 97-10,Y,35.3187583,9,2,N,1400,
129.2661077,3,,묘관음사 앞 도로,10,2671000000,부산광역시 기장군 장안읍 임랑리 산 2-17,Y,35.3216755,9,3,N,363,
129.2568567,1,,문동마을 뒷산(문동어업인복지회관 옆),42,2671000000,부산광역시 기장군 일광면 문동리 296,Y,35.3080381,11,2,N,2000,
129.0184861,1,"부산광역시 서구 충무대로 56(암남동, 송도탑스빌)",송도탑스빌 광장,30,2614000000,부산광역시 서구 암남동 257-4,Y,35.0778887,2,2,Y,800,2.61401E+24
129.369987,1,,오션뷰 펜션 앞,15,4711300000,경상북도 포항시 북구 청하면 용두리 49-2,Y,36.1945165,4,2,N,80,
129.3233557,1,,갈남전망대,32,5123000000,강원특별자치도 삼척시 원덕읍 갈남리 102-6,Y,37.2807032,13,3,N,100,
129.3260851,2,강원특별자치도 삼척시 원덕읍 갈남길 108,갈남마을회관뒤공터,30,5123000000,강원특별자치도 삼척시 원덕읍 갈남리 13-2,Y,37.2780773,13,2,N,100,4.22303E+24
129.3897583,1,,대게축구장입구,44,4777000000,경상북도 영덕군 강구면 강구리 산 67,Y,36.3623525,5,2,N,500,
129.3858631,2,,수협창고 뒤 ,29,4777000000,경상북도 영덕군 강구면 강구리 산 50-1,Y,36.3599669,5,2,N,400,
129.3926551,3,,미혜식당뒤,28,4777000000,경상북도 영덕군 강구면 강구리 산 75-12,Y,36.3619133,5,2,N,400,
129.4281435,1,,대진1리 마을 뒤 야산,30,4777000000,경상북도 영덕군 영해면 대진리 산 10-7,Y,36.5619124,28,2,N,160,
129.4172877,1,,만영수산 뒤 밭,13,4793000000,경상북도 울진군 근남면 진복리 174,Y,36.9217122,3,2,N,100,
129.413,2,,진복2리 복지회관 뒤,9,4793000000,경상북도 울진군 근남면 산포리 265,Y,36.9448,3,2,N,150,
129.4274667,1,경상북도 울진군 기성면 망양로 157,망양정옛터,15,4793000000,경상북도 울진군 기성면 망양리 418,Y,36.8498053,8,2,N,30,4.79304E+24
129.4295508,2,경상북도 울진군 기성면 망양로 111,삼성모텔  뒤 야산,15,4793000000,경상북도 울진군 기성면 망양리 400-2,Y,36.8463711,8,4,N,30,4.79304E+24
129.4750142,1,,해뜨는바다펜션 옆 고지대,15,4793000000,경상북도 울진군 평해읍 직산리 13-3,Y,36.7342627,19,2,N,30,
129.4749981,2,,해뜨는 바다펜션 뒷산,15,4793000000,경상북도 울진군 평해읍 직산리 13-36,Y,36.7333319,19,2,N,50,
129.4746333,3,경상북도 울진군 평해읍 제장로 129-23 ,직산1리마을회관 뒤 고지대,15,4793000000,경상북도 울진군 평해읍 직산리 61-1,Y,36.7322808,19,2,N,50,4.79303E+24
129.4347811,1,경상북도 울진군 후포면 동해대로 307-18 ,어업무선국송신소,24,4793000000,경상북도 울진군 후포면 금음리 67,Y,36.6691117,23,2,N,300,4.79304E+24
129.4299075,2,,마을뒤공터,15,4793000000,경상북도 울진군 후포면 금음리 산 56-2,Y,36.6656027,23,3,N,200,
129.4311601,3,,마을뒤고지대,20,4793000000,경상북도 울진군 후포면 금음리 113-1,Y,36.6678337,23,2,N,300,
129.2222428,1,,서암마을 뒤 신도로,17,2671000000,부산광역시 기장군 기장읍 연화리 507,Y,35.2154544,4,3,N,2000,
129.223647,2,,신암마을 뒤 신도로1,28,2671000000,부산광역시 기장군 기장읍 연화리 276-3,Y,35.216698,4,3,N,1200,
129.22487,3,,신암마을 뒤 신도로2,17,2671000000,부산광역시 기장군 기장읍 연화리 193,Y,35.21908,4,3,N,1200,
129.2264271,4,,신암마을 교차로,17,2671000000,부산광역시 기장군 기장읍 연화리 산 1-11,Y,35.220273,4,3,N,1200,
128.5954363,3,강원특별자치도 속초시 영랑로7길 10-5 (영랑동),동명동성당,39,5121000000,강원특별자치도 속초시 영랑동 95,Y,38.213186,4,2,N,180,4.22101E+24
129.4078624,1,,온양2리 마을회관 뒷 산,25,4793000000,경상북도 울진군 울진읍 온양리 127-2,Y,37.0277217,41,2,N,100,
129.4072026,2,,온양리 175번지 일대,17,4793000000,경상북도 울진군 울진읍 온양리 175,Y,37.0251628,41,2,N,100,
129.4085571,3,경상북도 울진군 울진읍 울진북로 925,교원사택,5,4793000000,경상북도 울진군 울진읍 온양리 224-27,Y,37.0237023,41,1,Y,500,4.79303E+24
129.4153109,1,경상북도 울진군 울진읍 현내항길 307,연지1리 마을회관,15,4793000000,경상북도 울진군 울진읍 연지리 203-6,Y,36.9914818,44,2,N,200,4.79303E+24
129.4143748,2,경상북도 울진군 울진읍 현내항길 189-6 ,대동빌라,25,4793000000,경상북도 울진군 울진읍 연지리 138-1,Y,36.9915997,44,3,N,180,4.79303E+24
129.2554593,2,,칠암초등학교,11,2671000000,부산광역시 기장군 일광면 칠암리 134,Y,35.2984635,11,1,Y,1200,
129.0201706,1,,암남공원,16,2614000000,부산광역시 서구 암남동 620-36,Y,35.0624693,4,2,N,20000,
128.9787885,1,,BMC 아파트 테니스장,40,2638000000,부산광역시 사하구 다대동 113-9,Y,35.0646119,3,4,N,603,
128.9848,2,"부산광역시 사하구 다송로 59(다대동, 다대4지구도개공영구임대아파트)",두송종합사회복지관 앞 주차장,27,2638000000,부산광역시 사하구 다대동 96-1,Y,35.0623,3,3,N,1200,2.63801E+24
129.1128912,1,부산광역시 수영구 남천동로 100(남천동),수영구청,21,2650000000,부산광역시 수영구 남천동 148-15,Y,35.1453222,2,1,Y,6880,2.65001E+24
129.1123216,2,부산광역시 수영구 남천동로 33(남천동),코오롱하늘채아파트,28,2650000000,부산광역시 수영구 남천동 151,Y,35.1424342,2,4,Y,53218,2.65001E+24
129.1268676,1,부산광역시 수영구 광남로257번길 12(민락동),민락초등학교 운동장,29,2650000000,부산광역시 수영구 민락동 2,Y,35.16081269,4,5,Y,8798,2.65001E+24
129.125399,2,부산광역시 수영구 광안해변로295번길 20(민락동),민락동행정복지센터,12,2650000000,부산광역시 수영구 민락동 34-10,Y,35.1573369,4,1,Y,813,2.65001E+24
129.1254473,3,부산광역시 수영구 광남로257번길 58(민락동),백산,40,2650000000,부산광역시 수영구 민락동 327-2,Y,35.1621787,4,2,N,4947,2.65001E+24
129.0154874,3,부산광역시 서구 암남공원로 25(암남동),송도해수욕장 공영주차장,23,2614000000,부산광역시 서구 암남동 579,Y,35.0739463,2,1,N,4000,2.61401E+24
129.0156518,4,부산광역시 서구 충무대로 25(암남동),송도초등학교 운동장,20,2614000000,부산광역시 서구 암남동 313,Y,35.07831211,2,5,Y,4800,2.61401E+24
129.4383404,1,,강동중앙3공원,15,3120000000,울산광역시 북구 산하동 306,Y,35.6308216,3,2,N,2000,
129.4458717,1,울산광역시 북구 동해안로 1517(정자동),컴온비치호텔  주차장,13,3120000000,울산광역시 북구 정자동 435,Y,35.6212379,4,2,N,1200,3.12001E+24
129.2212906,1,,국립수산과학원 정문 앞 도로,20,2671000000,부산광역시 기장군 기장읍 시랑리 170-14,Y,35.1946844,3,3,N,800,
129.2251825,2,,아난티앳부산코브호텔 앞 도로,15,2671000000,부산광역시 기장군 기장읍 시랑리 708,Y,35.1976062,3,3,N,2000,
129.5019626,1,경상북도 경주시 감포읍 감포로10길 21,감포초등학교 운동장,15,4713000000,경상북도 경주시 감포읍 감포리 12,Y,35.80993767,3,5,Y,1300,4.71303E+24
129.5015788,2,경상북도 경주시 감포읍 감포로8길 14-6 ,감포읍 행정복지센터,18,4713000000,경상북도 경주시 감포읍 감포리 56-2,Y,35.8073988,3,1,Y,500,4.71303E+24
129.4933283,4,경상북도 경주시 감포읍 동해안로 2153,감포읍 주민복지회관 ,21,4713000000,경상북도 경주시 감포읍 전촌리 221-1,Y,35.7990454,3,4,N,600,4.71303E+24
128.608075,1,,물치리 야산 ,15,5183000000,강원특별자치도 양양군 강현면 물치리 산 12,Y,38.156419,5,2,N,300,
129.5509824,1,,구만리389-1 주변,28,4711100000,경상북도 포항시 남구 호미곶면 구만리 389-1,Y,36.0813221,11,2,N,185,
129.5489332,2,,호미곶펜션 앞,9,4711100000,경상북도 포항시 남구 호미곶면 구만리 491-7,Y,36.0847557,11,2,N,50,
129.3821757,1,,삼사공원입구1,27,4777000000,경상북도 영덕군 강구면 삼사리 753-1,Y,36.3453493,2,2,N,500,
129.3857345,2,,삼사공원입구2,27,4777000000,경상북도 영덕군 강구면 삼사리 172,Y,36.3491995,2,2,N,150,
129.3815782,3,,씨아일랜드주차장,10,4777000000,경상북도 영덕군 강구면 삼사리 631-8,Y,36.3401528,2,2,N,50,
129.3796941,1,,구계승강장,30,4777000000,경상북도 영덕군 남정면 구계리 207-1,Y,36.3205752,13,3,N,200,
129.378493,2,경상북도 영덕군 남정면 동해대로 4000,"W펜션(구,아이씨프라자)",30,4777000000,경상북도 영덕군 남정면 구계리 375-5,Y,36.3165939,13,2,N,150,4.77703E+24
129.3780926,3,경상북도 영덕군 남정면 구계2길 14-10 ,제당뒷산,20,4777000000,경상북도 영덕군 남정면 구계리 268,Y,36.321268,13,2,N,220,4.77703E+24
129.3769731,4,,구계리 마을뒷산,25,4777000000,경상북도 영덕군 남정면 구계리 319-1,Y,36.3198093,13,2,N,310,
129.4167051,1,경상북도 영덕군 병곡면 영덕로 2108-152 ,영덕경찰수련원,20,4777000000,경상북도 영덕군 병곡면 덕천리 190-42,Y,36.56865887,16,2,N,300,4.77704E+24
129.0499677,1,강원특별자치도 강릉시 옥계면 동해대로 241-6 ,옥계역,11,5115000000,강원특별자치도 강릉시 옥계면 주수리 100,Y,37.6167058,13,1,Y,70,4.21504E+24
129.0461183,2,강원특별자치도 강릉시 옥계면 금진솔밭길 148-19 ,한국여성수련원,10,5115000000,강원특별자치도 강릉시 옥계면 금진리 464-1,Y,37.629553,13,1,Y,6300,4.21504E+24
129.0414405,3,,기마봉야산,10,5115000000,강원특별자치도 강릉시 옥계면 금진리 산 96,Y,37.6388056,13,2,N,2000,
129.4318153,1,,경정석산 (버스승강장,35,4777000000,경상북도 영덕군 축산면 경정리 산 26-1,Y,36.4751058,36,3,N,100,
129.4281077,1,경상북도 울진군 죽변면 등대길 63,정구장,26,4793000000,경상북도 울진군 죽변면 죽변리 1-43,Y,37.0572962,38,2,N,450,4.79304E+24
129.4226119,2,,죽변면민회관,15,4793000000,경상북도 울진군 죽변면 죽변리 57-1,Y,37.0611747,38,2,N,840,
129.4212881,3,경상북도 울진군 죽변면 죽변3길 17,죽변초등학교 운동장,17,4793000000,경상북도 울진군 죽변면 죽변리 190,Y,37.06249894,38,5,N,450,4.79304E+24
129.4208068,4,경상북도 울진군 죽변면 죽변4길 19,죽변 중·고등학교,21,4793000000,경상북도 울진군 죽변면 죽변리 215,Y,37.0645479,38,5,N,500,4.79304E+24
129.4182453,5,경상북도 울진군 죽변면 죽변9길 74,동도빌라,34,4793000000,경상북도 울진군 죽변면 죽변리 418-82,Y,37.0599932,38,2,N,500,4.79304E+24
129.4172409,6,경상북도 울진군 죽변면 죽변10길 6-8 ,용진모텔  뒤 공터,16,4793000000,경상북도 울진군 죽변면 후정리 294,Y,37.0575888,38,2,N,100,4.79304E+24
129.412521,7,,죽변 119안전센터,26,4793000000,경상북도 울진군 죽변면 후정리 381-6,Y,37.0546358,38,2,Y,30,
128.8299644,1,,대항주차장,15,2644000000,부산광역시 강서구 대항동 산 13-26,Y,35.0118219,2,2,N,5326,
128.8275746,2,,대항마을진입로,35,2644000000,부산광역시 강서구 대항동 396-2,Y,35.0145042,2,3,N,1852,
128.8250935,3,,(구)외양포 가는길,25,2644000000,부산광역시 강서구 대항동 산 13-29,Y,35.0098118,2,3,N,1587,
129.0230513,1,부산광역시 서구 송도해변로 171(암남동),송림공원,11,2614000000,부산광역시 서구 암남동 765,Y,35.0767604,3,2,Y,6000,2.61401E+24
129.0208572,2,,암남동 주민센터 주차장,22,2614000000,부산광역시 서구 암남동 85-18,Y,35.079715,3,2,Y,800,
129.4475292,2,울산광역시 북구 동해안로 1500(정자동),벽산블루밍 APT  주차장,21,3120000000,울산광역시 북구 정자동 3,Y,35.6198891,4,2,N,2000,3.12001E+24
129.4454321,3,울산광역시 북구 무룡로 1096(정자동),강동동행정복지센터 주차장,10,3120000000,울산광역시 북구 정자동 280-6,Y,35.6129906,4,1,N,1200,3.12001E+24
129.4448268,4,,울산교육연수원 주차장,11,3120000000,울산광역시 북구 정자동 715,Y,35.6134019,4,2,N,1600,
129.4566927,1,울산광역시 북구 동해안로 1350(구유동),정자오피스텔 주차장,12,3120000000,울산광역시 북구 구유동 232,Y,35.6112653,5,2,N,1200,3.12001E+24
129.4557635,2,,복성마을 야산,22,3120000000,울산광역시 북구 구유동 164-3,Y,35.60797651,5,2,N,400,
129.457584,3,,제전마을 야산,20,3120000000,울산광역시 북구 구유동 산 98-1,Y,35.60499709,5,2,N,800,
129.4628376,1,울산광역시 북구 동해안로 1114(당사동),우가경로당 주차장,12,3120000000,울산광역시 북구 당사동 116-5,Y,35.5957108,6,2,N,120,3.12001E+24
129.456445,2,,강동축구장 주차장,18,3120000000,울산광역시 북구 당사동 214,Y,35.5875703,6,2,N,1200,
129.0805176,1,, 기곡마을 입구,24,5117000000,강원특별자치도 동해시 망상동 409-16,Y,37.5961376,2,2,Y,820,
129.4735229,1,경상북도 경주시 양남면 양남항구길 17,읍천1리마을회관뒤,20,4713000000,경상북도 경주시 양남면 읍천리 318,Y,35.6909665,8,2,N,3000,4.71303E+24
129.4410487,1,경상북도 포항시 남구 동해면 일월로 78,동해초등학교 운동장,10,4711100000,경상북도 포항시 남구 동해면 도구리 670,Y,35.98836517,5,5,N,267,4.71113E+24
129.4612002,2,,(구)청룡회관(호텔마린),32,4711100000,경상북도 포항시 남구 동해면 임곡리 310-2,Y,36.00020703,6,2,N,41,
129.2661774,1,,공양왕릉앞공터,55,5123000000,강원특별자치도 삼척시 근덕면 궁촌리 178,Y,37.3261388,9,2,N,100,
129.2670299,2,강원특별자치도 삼척시 근덕면 공양왕길 2,해양레일바이크 궁촌정거장,17,5123000000,강원특별자치도 삼척시 근덕면 궁촌리 141-1,Y,37.32267673,9,2,N,100,4.22303E+24
129.2715338,3,,금메달주유소뒷산,43,5123000000,강원특별자치도 삼척시 근덕면 매원리 35-4,Y,37.3165424,9,2,N,100,
129.3116612,1,강원특별자치도 삼척시 근덕면 삼척로 2101,장호중학교뒤공터,30,5123000000,강원특별자치도 삼척시 근덕면 장호리 201,Y,37.2835659,12,2,N,200,4.22303E+24
129.3187981,2,강원특별자치도 삼척시 근덕면 장호항길 49,장호마을주차장,25,5123000000,강원특별자치도 삼척시 근덕면 장호리 54-7,Y,37.2853329,12,2,N,150,4.22303E+24
129.355672,1,강원특별자치도 삼척시 원덕읍 고포월천길 257,월천마을공터,41,5123000000,강원특별자치도 삼척시 원덕읍 월천리 106,Y,37.1567296,18,2,N,200,4.22303E+24
128.6202604,1,,용호리 야산,20,5183000000,강원특별자치도 양양군 강현면 용호리 산 1-3,Y,38.13437357,7,2,N,150,
128.673367,1,강원특별자치도 양양군 손양면 수산1길 14-6 ,수산리 야산2,20,5183000000,강원특별자치도 양양군 손양면 수산리 18-1,Y,38.075886,10,2,N,150,4.28303E+24
128.67064,2,강원특별자치도 양양군 손양면 수산2길 7,수산리 야산1,18,5183000000,강원특별자치도 양양군 손양면 수산리 85-8,Y,38.078947,10,2,N,150,4.28303E+24
128.76347,1,강원특별자치도 양양군 현남면 새나루길 26,인구리 야산1,28,5183000000,강원특별자치도 양양군 현남면 인구리 1-1,Y,37.971645,15,2,N,100,4.28303E+24
128.759515,2,강원특별자치도 양양군 현남면 인구중앙길 71,인구리 야산2,15,5183000000,강원특별자치도 양양군 현남면 시변리 41-7,Y,37.970591,15,2,N,100,4.28303E+24
128.767798,3,,휴휴암 야산,15,5183000000,강원특별자치도 양양군 현남면 광진리 173-9,Y,37.958198,15,2,N,100,
129.112578,1,,대진도로,15,5117000000,강원특별자치도 동해시 대진동 196-4,Y,37.5798228,4,3,Y,1240,
129.1139513,2,,단병골 입구,24,5117000000,강원특별자치도 동해시 대진동 143-9,Y,37.5769233,4,3,Y,830,
129.1177091,3,,어달마을내 도로,12,5117000000,강원특별자치도 동해시 어달동 134-5,Y,37.5671315,4,2,Y,410,
129.1187793,4,,어달 소공원,28,5117000000,강원특별자치도 동해시 어달동 47,Y,37.5654795,4,2,Y,700,
129.1192192,5,,리즈카페 뒤,20,5117000000,강원특별자치도 동해시 어달동 38-15,Y,37.5634597,4,2,N,160,
129.1196617,6,강원특별자치도 동해시 일출로 211-5 (어달동),도시어부 뒤,16,5117000000,강원특별자치도 동해시 어달동 11-11,Y,37.5608509,4,2,N,80,4.21701E+24
128.9162028,1,강원특별자치도 강릉시 해안로 333(강문동),강릉교회,8,5115000000,강원특별자치도 강릉시 강문동 134,Y,37.79355,2,4,Y,300,4.21501E+24
128.9168358,2,강원특별자치도 강릉시 강릉대로587번길 68(초당동),강릉고등학교  체육관,6,5115000000,강원특별자치도 강릉시 초당동 57-2,Y,37.7880136,2,1,N,500,4.21501E+24
129.5778449,1,경상북도 포항시 남구 호미곶면 일출로 530,벤트풀빌라 옆,18,4711100000,경상북도 포항시 남구 호미곶면 강사리 212-1,Y,36.0359452,14,2,N,50,4.71114E+24
129.3857217,1,,독도수산뒤,37,4777000000,경상북도 영덕군 강구면 삼사리 8,Y,36.3524792,4,2,N,500,
129.3865251,2,,오포대게식당뒤,33,4777000000,경상북도 영덕군 강구면 오포리 9-40,Y,36.3543161,4,2,N,500,
129.3786265,3,경상북도 영덕군 강구면 나비산길 8,강구초등학교,20,4777000000,경상북도 영덕군 강구면 오포리 600-5,Y,36.35644106,4,5,N,500,4.77703E+24
129.3800609,4,경상북도 영덕군 강구면 신강구1길 45-5 ,강구정보고,22,4777000000,경상북도 영덕군 강구면 삼사리 21,Y,36.3534501,4,5,N,1200,4.77703E+24
129.399596,1,,7번국도변,59,4777000000,경상북도 영덕군 병곡면 원황리 619-3,Y,36.5765554,20,2,N,300,
129.4110461,2,경상북도 영덕군 병곡면 백석1길 7,동해안휴게소,59,4777000000,경상북도 영덕군 병곡면 백석리 706,Y,36.623426,20,2,N,300,4.77704E+24
128.9002812,1,강원특별자치도 강릉시 하남길 345-18 (안현동),경포산장콘도 공터,17,5115000000,강원특별자치도 강릉시 안현동 50-2,Y,37.8096017,9,2,N,400,4.21501E+24
128.9152157,2,강원특별자치도 강릉시 해안로406번길 2(강문동),씨마크호텔 ,10,5115000000,강원특별자치도 강릉시 강문동 274-1,Y,37.797115,9,4,Y,700,4.21501E+24
128.8999164,3,,현대아파트 앞 야산,10,5115000000,강원특별자치도 강릉시 저동 산 10,Y,37.8016123,9,2,N,800,
128.8616687,1,,강릉원주대학해양생물,7,5115000000,강원특별자치도 강릉시 사천면 사천진리 산 1-10,Y,37.8509955,10,4,Y,5900,
129.5158337,1,,두원리 버스승강장 앞,6,4711100000,경상북도 포항시 남구 장기면 두원리 523-15,Y,35.8435223,26,2,N,70,
129.5181149,2,,두원주유소 앞,19,4711100000,경상북도 포항시 남구 장기면 두원리 57-1,Y,35.848923,26,2,N,82,
129.4285827,1,,대진2리 마을 뒤 야산2,20,4777000000,경상북도 영덕군 영해면 대진리 산 23-1,Y,36.5562337,29,2,N,200,
129.4416143,1,경상북도 영덕군 영해면 영덕대게로 2247-51 ,사진3리 마을 뒤 야산,20,4777000000,경상북도 영덕군 영해면 사진리 146,Y,36.5207759,33,2,N,100,4.77704E+24
129.2286466,1,부산광역시 기장군 기장읍 대변로 149,대항교회,15,2671000000,부산광역시 기장군 기장읍 대변리 383-2,Y,35.22631611,5,4,N,1200,2.67103E+24
129.22629,2,,대변항 입구 교차로,20,2671000000,부산광역시 기장군 기장읍 대변리 450,Y,35.223734,5,3,N,1200,
129.231306,3,,수협어업인복지회관 뒤 도로,15,2671000000,부산광역시 기장군 기장읍 대변리 266-5,Y,35.222954,5,3,N,1080,
129.2875385,1,,고리스포츠문화센터,14,2671000000,부산광역시 기장군 장안읍 길천리 64,Y,35.3298928,10,1,Y,6000,
129.2685592,2,부산광역시 기장군 장안읍 해맞이로 311-31 ,기장문화예절학교,34,2671000000,부산광역시 기장군 장안읍 월내리 579,Y,35.3256212,10,1,Y,3600,2.67103E+24
129.2777538,3,,월내야산(삼막골),26,2671000000,부산광역시 기장군 장안읍 월내리 284,Y,35.3296915,10,2,N,2800,
129.3425,1,울산광역시 울주군 서생면 나루터길 29,진하회관(건물),6,3171000000,울산광역시 울주군 서생면 진하리 255,Y,35.3866,3,2,Y,400,3.17103E+24
129.4820952,1,경상북도 경주시 문무대왕면 봉길수제길 17,수제마을 소공원,10,4713000000,경상북도 경주시 양북면 봉길리 58-10,Y,35.7362388,6,2,N,200,4.71303E+24
129.4701725,1,경상북도 경주시 양남면 동해안로 625-9 ,나산초등학교 운동장,19,4713000000,경상북도 경주시 양남면 읍천리 17,Y,35.69791737,7,5,Y,1000,4.71303E+24
129.4605032,1,경상북도 경주시 양남면 양남로 325-3 ,양남중학교 운동장,15,4713000000,경상북도 경주시 양남면 하서리 651,Y,35.67411992,9,5,N,1000,4.71303E+24
129.469969,2,경상북도 경주시 양남면 동해안로 435,카리브모텔 뒤 야산,20,4713000000,경상북도 경주시 양남면 하서리 195-1,Y,35.6821761,9,2,N,1000,4.71303E+24
129.4625553,1,경상북도 경주시 양남면 양남로 225-12 ,통일로 토종순대국,15,4713000000,경상북도 경주시 양남면 수렴리 94-1,Y,35.6672378,10,2,N,500,4.71303E+24
129.4509387,2,,바다모텔 옆 야산,15,4713000000,경상북도 경주시 양남면 수렴리 산 87-1,Y,35.6583772,10,2,N,200,
129.4568825,3,경상북도 경주시 양남면 양남로 175-27 ,현대자동차 수련원,20,4713000000,경상북도 경주시 양남면 수렴리 240-3,Y,35.6675647,10,2,N,1000,4.71303E+24
129.3273103,1,강원특별자치도 삼척시 원덕읍 삼척로 1852-6 ,어촌민속전시관공터,35,5123000000,강원특별자치도 삼척시 원덕읍 갈남리 301,Y,37.2676964,14,2,N,100,4.22303E+24
129.3238503,2,강원특별자치도 삼척시 원덕읍 신남길 27,돌기해삼종묘배양장,21,5123000000,강원특별자치도 삼척시 원덕읍 갈남리 456-1,Y,37.2659994,14,2,N,100,4.22303E+24
128.759108,1,,동산리 야산,19,5183000000,강원특별자치도 양양군 현남면 동산리 58-1,Y,37.980059,14,2,N,100,
129.5762461,1,,해송모텔 앞,18,4711100000,경상북도 포항시 남구 호미곶면 강사리 756-5,Y,36.0551253,13,2,N,11,
129.5772225,2,,강사교회 앞 공터,19,4711100000,경상북도 포항시 남구 호미곶면 강사리 424-2,Y,36.0470539,13,2,N,64,
129.0508574,1,강원특별자치도 강릉시 강동면 헌화로 740-40 ,곰두리연수원 공터,76,5115000000,강원특별자치도 강릉시 강동면 심곡리 57,Y,37.6671585,11,2,N,1000,4.21503E+24
129.488294,1,경상북도 경주시 감포읍 성두2길 21,전촌1리마을회관 앞 공터,15,4713000000,경상북도 경주시 감포읍 전촌리 532-1,Y,35.792887,4,2,N,500,4.71303E+24
129.492985,2,경상북도 경주시 감포읍 나정길 39-6 ,나정2리 마을회관 뒤 ,20,4713000000,경상북도 경주시 감포읍 나정리 337-3,Y,35.7774096,4,2,N,1000,4.71303E+24
129.4950557,3,경상북도 경주시 감포읍 장진길 21,시드니낚시마트  뒤 야산,40,4713000000,경상북도 경주시 감포읍 전촌리 1186-1,Y,35.7927842,4,2,N,1000,4.71303E+24
129.491483,4,경상북도 경주시 감포읍 동해안로 1921-15 ,나정1리 마을회관 앞 ,15,4713000000,경상북도 경주시 감포읍 나정리 203-1,Y,35.7791026,4,2,N,500,4.71303E+24
129.3964738,1,,칠포해수욕장위부대앞,36,4711300000,경상북도 포항시 북구 흥해읍 칠포리 산 109-10,Y,36.1327234,10,3,N,8,
129.3984532,2,경상북도 포항시 북구 흥해읍 해안로 1335-20 ,곡강3리 마을회관,14,4711300000,경상북도 포항시 북구 흥해읍 곡강리 507-6,Y,36.1281312,10,3,N,20,4.71133E+24
129.3672699,1,경상북도 포항시 북구 서동로 83(덕산동),포항시립아트홀 앞,13,4711100000,경상북도 포항시 북구 덕산동 113-12,Y,36.0408383,2,2,N,200,4.71131E+24
129.1877089,2,,정라마을회관뒤공터,76,5123000000,강원특별자치도 삼척시 정하동 산 3-4,Y,37.4422055,4,2,N,100,
129.1847724,3,강원특별자치도 삼척시 허목길 13-7 (정상동),척주동해비,34,5123000000,강원특별자치도 삼척시 정상동 82-1,Y,37.4355741,4,1,N,100,4.22301E+24
129.1844473,4,강원특별자치도 삼척시 영진안길 72(정상동),감로사공터,38,5123000000,강원특별자치도 삼척시 정상동 2,Y,37.4407075,4,2,N,100,4.22301E+24
129.186253,1,,남초등학교뒷산,41,5123000000,강원특별자치도 삼척시 오분동 산 55,Y,37.4253939,5,2,N,80,
129.1895328,2,,오분마을회관뒤공터,32,5123000000,강원특별자치도 삼척시 오분동 산 14-4,Y,37.4280011,5,2,N,90,
129.1888762,3,강원특별자치도 삼척시 오분1길 72-56 (오분동),오분파출소뒷산,39,5123000000,강원특별자치도 삼척시 오분동 228-5,Y,37.4304113,5,2,N,80,4.22301E+24
129.3417299,1,강원특별자치도 삼척시 원덕읍 노실길 81-21 ,노실분교운동장,25,5123000000,강원특별자치도 삼척시 원덕읍 노곡리 142-2,Y,37.2021481,16,5,N,200,4.22303E+24
128.7281132,1,강원특별자치도 양양군 현북면 하륜길 40,하광정리 야산,22,5183000000,강원특별자치도 양양군 현북면 하광정리 64,Y,38.02067102,12,2,N,500,4.28303E+24
129.5791751,1,,대성수산 입구 앞 공터,18,4711100000,경상북도 포항시 남구 구룡포읍 석병리 20-1,Y,36.0313079,15,3,N,179,
129.5738268,2,경상북도 포항시 남구 구룡포읍 명월길 51,구룡포청소년회관 앞,43,4711100000,경상북도 포항시 남구 구룡포읍 석병리 250,Y,36.0292147,15,2,N,60,4.71113E+24
129.5777911,3,경상북도 포항시 남구 구룡포읍 일출로 318,석병장로교회 옆,29,4711100000,경상북도 포항시 남구 구룡포읍 석병리 640-2,Y,36.0211841,15,2,N,130,4.71113E+24
129.4124289,1,경상북도 영덕군 병곡면 고래불로 201,학생해양수련원,21,4777000000,경상북도 영덕군 병곡면 거무역리 5-65,Y,36.5787787,17,5,N,500,4.77704E+24
129.3996229,2,,7번 국도변,24,4777000000,경상북도 영덕군 병곡면 원황리 619-3,Y,36.5765506,17,3,N,100,
129.5509046,1,경상북도 포항시 남구 구룡포읍 병포길52번길 17,포항시립구룡포도서관 운동장,35,4711100000,경상북도 포항시 남구 구룡포읍 병포리 139-1,Y,35.98259461,18,5,N,50,4.71113E+24
129.5508081,2,, 경북대수련원 앞 공,15,4711100000,경상북도 포항시 남구 구룡포읍 하정리 31-3,Y,35.975612,18,2,N,50,
129.4285761,4,,제당옆 골목,24,4777000000,경상북도 영덕군 영덕읍 창포리 572,Y,36.4112914,24,2,N,30,
129.4293808,5,경상북도 영덕군 영덕읍 창포1길 19,창포일반(강유복집뒤),29,4777000000,경상북도 영덕군 영덕읍 창포리 591,Y,36.4119941,24,2,N,30,4.77703E+24
129.4302156,1,,오보보건소 뒤,30,4777000000,경상북도 영덕군 영덕읍 오보리 142,Y,36.4412707,26,2,N,80,
129.4319964,2,경상북도 영덕군 영덕읍 오보길 26,오보교회 뒤,47,4777000000,경상북도 영덕군 영덕읍 오보리 105,Y,36.4420184,26,2,N,50,4.77703E+24
129.4392659,1,경상북도 영덕군 영해면 괴시사진길 327-24 ,사진2리 마을 뒤 공터,40,4777000000,경상북도 영덕군 영해면 사진리 307,Y,36.5310111,32,2,N,150,4.77704E+24
129.4148603,1,,펜션 뒤 밭,5,4793000000,경상북도 울진군 근남면 진복리 716-3,Y,36.9316911,2,2,N,100,
129.4133663,2,,진복리 651번지 일대,9,4793000000,경상북도 울진군 근남면 진복리 651,Y,36.9293005,2,2,N,300,
129.4146055,3,,진복리 522번지 일대 ,19,4793000000,경상북도 울진군 근남면 진복리 522,Y,36.9270063,2,2,N,100,
129.4609299,1,,봉산1리 430-1번지,20,4793000000,경상북도 울진군 기성면 봉산리 430-1,Y,36.7868339,12,3,N,100,
129.466061,2,경상북도 울진군 기성면 구산봉산로 417-2 ,봉산1리 322번지 주택,20,4793000000,경상북도 울진군 기성면 봉산리 322,Y,36.7815688,12,2,N,20,4.79304E+24
129.4689524,3,,봉산1리 306번지 일대,25,4793000000,경상북도 울진군 기성면 봉산리 306,Y,36.7800113,12,2,N,30,
129.4714361,4,경상북도 울진군 기성면 구산봉산로 315,봉산1리 150-1번지 일,50,4793000000,경상북도 울진군 기성면 봉산리 150-1,Y,36.7747263,12,2,N,100,4.79304E+24
129.4578481,1,,월송3리 산 18번지 고지대,15,4793000000,경상북도 울진군 평해읍 월송리 산 17-1,Y,36.7410421,18,2,N,50,
129.4301918,1,,코리아모텔뒷산,24,4793000000,경상북도 울진군 후포면 금음리 산 155,Y,36.6643182,24,2,N,500,
129.4308704,2,,국도옆 산마루측구,25,4793000000,경상북도 울진군 후포면 금음리 259,Y,36.6604066,24,2,N,300,
129.4299746,3,,반소골길,20,4793000000,경상북도 울진군 후포면 금음리 263-7,Y,36.6597848,24,2,N,300,
129.0180141,2,부산광역시 서구 암남공원로 75(암남동),송도공원(식당)주차장,31,2614000000,부산광역시 서구 암남동 618-8,Y,35.0706447,2,2,N,1000,2.61401E+24
129.3683919,1,울산광역시 남구 장생포고래로125번길 5(장생포동),장생포초등학교 운동장,11,3114000000,울산광역시 남구 장생포동 329-1,Y,35.50341833,2,5,N,2000,3.11401E+24
129.371241,2,울산광역시 남구 장생포고래로155번길 22(장생포동),장생포항 야산,12,3114000000,울산광역시 남구 장생포동 산 102-1,Y,35.502628,2,2,N,800,3.11401E+24
129.374499,3,,태영인더스트리사택 앞 주차장,18,3114000000,울산광역시 남구 장생포동 267-7,Y,35.505316,2,2,N,600,
129.377628,4,울산광역시 남구 장생포고래로 215(장생포동),장생포복지문화센터 옥상,17,3114000000,울산광역시 남구 장생포동 41-4,Y,35.503057,2,1,Y,400,3.11401E+24
129.3794203,5,,고래문화마을,21,3114000000,울산광역시 남구 매암동 662-56,Y,35.5052953,2,2,N,60000,
129.3830253,6,울산광역시 남구 장생포고래로 271(매암동),울산항만공사,14,3114000000,울산광역시 남구 매암동 180,Y,35.50479076,2,1,Y,400,3.11401E+24
129.2087057,1,,공수마을 뒷산(멍두산),20,2671000000,부산광역시 기장군 기장읍 시랑리 689,Y,35.1841057,2,2,N,1600,
129.20986,2,,당사마을 정자 앞 도로,15,2671000000,부산광역시 기장군 기장읍 당사리 507,Y,35.1860857,2,3,N,1600,
129.3823493,1,,방어침례교회 앞,12,4711300000,경상북도 포항시 북구 청하면 방어리 121-1,Y,36.2119395,2,2,N,200,
129.3771914,2,경상북도 포항시 북구 청하면 해안로 2494,월포백번횟집 앞,12,4711300000,경상북도 포항시 북구 청하면 방어리 312-12,Y,36.20873,2,2,N,200,4.71133E+24
129.2492065,1,,노인요양원앞공터,54,5123000000,강원특별자치도 삼척시 근덕면 덕산리 2-1,Y,37.3800729,8,2,N,100,
129.2427486,2,,솔바람민박앞공터,19,5123000000,강원특별자치도 삼척시 근덕면 덕산리 448,Y,37.3807445,8,3,N,150,
128.8466,1,,육군 2191부대,25,5115000000,강원특별자치도 강릉시 연곡면 영진리 137,Y,37.8668,5,2,N,700,
129.4483316,1,,마을뒷산 고지대,20,4793000000,경상북도 울진군 후포면 후포리 산 96-17,Y,36.6791924,27,2,N,400,
129.4436055,2,경상북도 울진군 후포면 후포삼율로 128-7 (정우맨션),정우맨션옥상,17,4793000000,경상북도 울진군 후포면 삼율리 53-1,Y,36.6812747,27,4,N,300,4.79304E+24
129.4447401,3,경상북도 울진군 후포면 청구천길 4-8 (우성플러스빌),우성플러스빌옥상,37,4793000000,경상북도 울진군 후포면 후포리 1002-6,Y,36.6816791,27,4,N,300,4.79304E+24
129.4424468,4,경상북도 울진군 후포면 울진대게로 24-7 (삼영아파트),삼영아파트옥상,20,4793000000,경상북도 울진군 후포면 삼율리 280,Y,36.6770585,27,4,N,400,4.79304E+24
129.4539589,1,경상북도 울진군 후포면 후포로 121(선재하이츠빌라1차),선재하이츠빌라옥상,17,4793000000,경상북도 울진군 후포면 후포리 605-6,Y,36.6816619,32,4,N,200,4.79304E+24
129.4523898,2,경상북도 울진군 후포면 후포로 101,후포교회,17,4793000000,경상북도 울진군 후포면 후포리 623-29,Y,36.6803669,32,2,N,300,4.79304E+24
129.3598348,1,경상북도 울진군 북면 고포월천길 55,금세골,49,4793000000,경상북도 울진군 북면 나곡리 1134,Y,37.1435368,33,2,N,100,4.79303E+24
129.3624955,2,,나곡리 1146-3주변,33,4793000000,경상북도 울진군 북면 나곡리 1146-3,Y,37.142177,33,3,N,100,
129.3670043,1,,한중아파트 뒤 밭,26,4793000000,경상북도 울진군 북면 부구리 319-1,Y,37.1021498,37,2,N,200,
129.36315,2,경상북도 울진군 북면 흥부길 35-115 ,부구리582-2번지 일대 밭,25,4793000000,경상북도 울진군 북면 부구리 582-2,Y,37.1030461,37,2,N,200,4.79303E+24
129.3570828,3,경상북도 울진군 북면 중흥부길 35-10 ,사슴농장 앞 도로,18,4793000000,경상북도 울진군 북면 부구리 816,Y,37.1024108,37,2,N,100,4.79303E+24
129.4099331,1,경상북도 울진군 죽변면 봉평길 66-28 ,골마야 산 밭,16,4793000000,경상북도 울진군 죽변면 봉평리 577,Y,37.0474386,39,2,N,50,4.79304E+24
129.4069827,2,,봉평 신라비 전시관 옆,17,4793000000,경상북도 울진군 죽변면 봉평리 산 71-3,Y,37.0442938,39,2,N,100,
129.4124973,3,경상북도 울진군 죽변면 울진북로 1161(이안빌라),이안빌라  뒷편 ,16,4793000000,경상북도 울진군 죽변면 봉평리 129-2,Y,37.042504,39,2,N,100,4.79304E+24
129.3944058,3,경상북도 울진군 근남면 수산1길 40-37 ,수산리421번지 일대,21,4793000000,경상북도 울진군 근남면 수산리 421,Y,36.9698432,47,2,N,100,4.79303E+24
129.3945372,1,경상북도 울진군 근남면 울진북로 151-3 ,근남 문화 체육센터,6,4793000000,경상북도 울진군 근남면 노음리 326-3,Y,36.9637869,48,1,Y,300,4.79303E+24
129.394151,2,경상북도 울진군 근남면 노음5길 7(경원아파트),경원 아파트,6,4793000000,경상북도 울진군 근남면 노음리 335-2,Y,36.9608744,48,1,N,200,4.79303E+24
129.5177257,3,경상북도 포항시 남구 장기면 동해안로 3284,장기농협하나로마트 양포점,15,4711100000,경상북도 포항시 남구 장기면 양포리 251-1,Y,35.87989397,24,4,,48,4.71113E+24
129.4157732,4,,피렌체레스토랑 앞,9,4711300000,경상북도 포항시 북구 흥해읍 죽천리 330-1,Y,36.08428604,12,,Y,1717,
128.7123491,1,강원특별자치도 양양군 현북면 송이로 86-11 ,중광정리 야산,28,5183000000,강원특별자치도 양양군 현북면 중광정리 481-13,Y,38.02482727,19,2,N,300,4.28303E+24
129.4025471,1,,영리 야산,49,4777000000,경상북도 영덕군 병곡면 영리 293-3,Y,36.5937044,39,2,N,300,
128.6032228,3,강원특별자치도 속초시 해오름로 167(조양동),리센 오션파크 호텔,25,5121000000,강원특별자치도 속초시 조양동 1464,Y,38.1890871,11,4,Y,200,4.22101E+24
128.41861,1,강원특별자치도 고성군 현내면 동해대로 8299,현내면공설운동장,14,5182000000,강원특별자치도 고성군 현내면 대진리 303,Y,38.500797,3,2,N,2000,4.28203E+24
128.4236706,2,강원특별자치도 고성군 현내면 대진3길 15,대진초등학교 운동장,11,5182000000,강원특별자치도 고성군 현내면 대진리 148,Y,38.49660733,3,5,N,1700,4.28203E+24
128.426748,3,강원특별자치도 고성군 현내면 한나루로 81,대진감리교회,34,5182000000,강원특별자치도 고성군 현내면 대진리 189-1,Y,38.495172,3,2,N,300,4.28203E+24
128.401411,4,강원특별자치도 고성군 현내면 금강산로 799-11 ,명파교회,22,5182000000,강원특별자치도 고성군 현내면 명파리 295-33,Y,38.53826,3,2,N,300,4.28203E+24
128.549622,1,강원특별자치도 고성군 토성면 아야진길 15,아야진초등학교 운동장,27,5182000000,강원특별자치도 고성군 토성면 아야진리 200,Y,38.27315877,7,5,N,1600,4.28203E+24
128.555158,2,강원특별자치도 고성군 토성면 아야진해변1길 6,아야진침례교회,12,5182000000,강원특별자치도 고성군 토성면 아야진리 41,Y,38.272221,7,2,N,150,4.28203E+24
129.3921268,4,경상북도 포항시 북구 청하면 해안로2000번길 33-9 ,소유가든,15,4711300000,경상북도 포항시 북구 청하면 청진리 50,Y,36.18082787,6,4,Y,72,4.71133E+24
128.587054,5,강원특별자치도 속초시 청초호반로 273(청학동),씨크루즈호텔속초,80,5121000000,강원특별자치도 속초시 청학동 482-525,Y,38.20130799,7,4,Y,200,4.22101E+24
130.9027433,2,경상북도 울릉군 울릉읍 도동길 172,울릉초등학교,480,4794000000,경상북도 울릉군 울릉읍 도동리 232-11,Y,37.48598871,2,1,Y,,4.79403E+24
128.5916283,6,,속초시청직원전용주차장,22,5121000000,강원특별자치도 속초시 동명동 469-1,Y,38.20765984,4,2,N,200,
129.3656194,3,경상북도 포항시 북구 중앙로 325(덕산동),꿈트리센터,15,4711100000,경상북도 포항시 북구 덕산동 121-2,Y,36.04168489,2,1,Y,1860,4.71131E+24
129.3684661,4,경상북도 포항시 북구 삼호로 36(동빈1가),북구청,15,4711100000,경상북도 포항시 북구 동빈1가 90,Y,36.04336208,2,1,Y,7046,4.71131E+24
128.5779325,5,강원특별자치도 속초시 수복로 75(교동),천주교교동교회,15,5121000000,강원특별자치도 속초시 교동 741-10,Y,38.20012076,8,2,N,5000,4.22101E+24
128.624258,2,,낙산사 야산,52,5183000000,강원특별자치도 양양군 강현면 전진리 58-10,Y,38.12784,7,2,N,500,
129.4146641,1,경상북도 영덕군 병곡면 병곡1길 37,바다향기펜션,49,4777000000,경상북도 영덕군 병곡면 병곡리 24,Y,36.6035639,15,2,N,200,4.77704E+24
129.4132762,2,,병곡휴게소,41,4777000000,경상북도 영덕군 병곡면 병곡리 331-9,Y,36.6063848,15,2,N,800,
129.409246,1,,철암산(1),56,4777000000,경상북도 영덕군 병곡면 백석리 269-2,Y,36.6209361,19,2,N,300,
129.4097318,2,,철암산(2),56,4777000000,경상북도 영덕군 병곡면 백석리 310-3,Y,36.6190273,19,2,N,300,
129.4107511,1,,칠보산도로변,79,4777000000,경상북도 영덕군 병곡면 금곡리 산 119-4,Y,36.6386248,21,3,N,200,
129.4086738,2,,금곡1서낭당,28,4777000000,경상북도 영덕군 병곡면 금곡리 332-1,Y,36.6422094,21,2,N,150,
129.4128829,3,,금곡리 마을뒷산,25,4777000000,경상북도 영덕군 병곡면 금곡리 439,Y,36.6419466,21,2,N,150,
129.4149837,1,,덕신휴게소 뒷산,25,4793000000,경상북도 울진군 매화면 덕신리 255-1,Y,36.8795455,7,2,N,250,
129.4134575,2,,마을 뒤  고지대 밭,15,4793000000,경상북도 울진군 매화면 덕신리 317,Y,36.8818969,7,2,N,250,
129.4144741,3,,덕신감리  교회 뒷 편,10,4793000000,경상북도 울진군 매화면 덕신리 406-3,Y,36.8841217,7,2,N,250,
129.4133046,4,,덕신리 마을 뒷산,11,4793000000,경상북도 울진군 매화면 덕신리 476-1,Y,36.8869085,7,3,N,250,
129.4743732,1,,봉산2리 산65번지묘지,20,4793000000,경상북도 울진군 기성면 봉산리 109-1,Y,36.7717635,13,2,N,30,
129.4748023,2,,봉산2리 마을회관뒤밭,20,4793000000,경상북도 울진군 기성면 봉산리 115-2,Y,36.7706398,13,2,N,30,
129.4756928,3,경상북도 울진군 기성면 구산봉산로 245-7 ,봉산2리 72번지 주택,25,4793000000,경상북도 울진군 기성면 봉산리 72,Y,36.7693013,13,2,N,15,4.79304E+24
129.4592045,1,경상북도 울진군 평해읍 월송길 59,월송초등학교 운동장,15,4793000000,경상북도 울진군 평해읍 월송리 1007,Y,36.73625814,16,5,N,300,4.79303E+24
129.4165796,2,,산포리 18번지 일대 밭,17,4793000000,경상북도 울진군 근남면 산포리 18,Y,36.9545817,51,2,N,150,
129.152049,1,,동백공원 정상,40,2635000000,부산광역시 해운대구 우동 710-1,Y,35.154811,2,2,N,20000,
129.1718736,2,부산광역시 해운대구 달맞이길 64(중동),달맞이 고개,26,2635000000,부산광역시 해운대구 중동 974-1,Y,35.1606218,2,2,N,4000,2.63501E+24
129.1637,3,부산광역시 해운대구 중동2로 11(중동),해운대구청,15,2635000000,부산광역시 해운대구 중동 1378-95,Y,35.1631,2,1,Y,3500,2.63501E+24
129.2056614,1,,죽도공원,12,2635000000,부산광역시 해운대구 송정동 산 52-1,Y,35.1798417,3,2,N,4000,
129.2036819,2,부산광역시 해운대구 송정중앙로21번길 20(송정동),송정동 행정복지센터,7,2635000000,부산광역시 해운대구 송정동 200-3,Y,35.1835905,3,1,N,1890,2.63501E+24
128.9690431,1,,몰운대공터,10,2638000000,부산광역시 사하구 다대동 산 144,Y,35.0431082,2,2,N,4000,
128.9665854,2,부산광역시 사하구 다대낙조2길 8(다대동),중현초등학교 운동장,35,2638000000,부산광역시 사하구 다대동 1550-4,Y,35.05056901,2,5,Y,3515,2.63801E+24
129.1180122,1,,한바다중학교 운동장,11,2650000000,부산광역시 수영구 민락동 186,Y,35.1569729,3,5,Y,3670,
129.117096,2,부산광역시 수영구 광안로35번길 38(광안동),광안초등학교 운동장,11,2650000000,부산광역시 수영구 광안동 154,Y,35.156861,3,5,Y,3400,2.65001E+24
129.4504085,3,울산광역시 북구 아름1길 21(어물동),어물보건진료소 주차장,10,3120000000,울산광역시 북구 어물동 58-14,Y,35.58015,6,1,N,550,3.12001E+24
129.4494479,4,,어물동 야산,15,3120000000,울산광역시 북구 어물동 산 372,Y,35.575376,6,2,N,1200,
129.4575852,1,,임곡1리 버스승강장 ,23,4711100000,경상북도 포항시 남구 동해면 임곡리 543-8,Y,35.9942707,6,2,N,40,
129.3796054,1,,송도초등학교,6,4711100000,경상북도 포항시 남구 송도동 311-285,Y,36.0337655,3,5,N,11000,
128.5852182,2,강원특별자치도 속초시 중앙로 437-4 (장사동),우림연립,18,5121000000,강원특별자치도 속초시 장사동 518-7,Y,38.22641521,3,2,N,200,4.22101E+24
128.5926681,3,"강원특별자치도 속초시 영랑로4길 10(영랑동, 양우비치타워맨션)",양우아파트,21,5121000000,강원특별자치도 속초시 영랑동 157,Y,38.2159556,3,2,N,300,4.22101E+24
129.4084364,1,,읍남리 145번지 일대 밭,23,4793000000,경상북도 울진군 울진읍 읍남리 152-1,Y,36.9856351,46,2,N,100,
129.3974957,1,,수산리493번지 공터,10,4793000000,경상북도 울진군 근남면 수산리 493,Y,36.9732547,47,2,N,300,
129.3979892,2,경상북도 울진군 근남면 울진북로 243-15 ,수산리 483-1번지 일대,12,4793000000,경상북도 울진군 근남면 수산리 483-1,Y,36.971669,47,2,N,80,4.79303E+24
129.3472472,1,울산광역시 울주군 온산읍 강양길 143,만포횟집 마당,16,3171000000,울산광역시 울주군 온산읍 강양리 91-5,Y,35.3913022,2,2,N,200,3.17103E+24
129.3455649,2,,야산 공터,10,3171000000,울산광역시 울주군 온산읍 강양리 산 55,Y,35.39375152,2,2,N,600,
129.3837976,1,,이가힐펜션 앞,20,4711300000,경상북도 포항시 북구 청하면 이가리 555-4,Y,36.1844224,5,2,N,120,
129.3786693,2,,이가리 산68-3 일원,23,4711300000,경상북도 포항시 북구 청하면 이가리 산 68-3,Y,36.187741,5,2,N,200,
129.3969136,1,,칠포1리 고지대 (마루,22,4711300000,경상북도 포항시 북구 흥해읍 칠포리 54-4,Y,36.1454472,8,2,N,70,
129.163484,1,강원특별자치도 삼척시 새천년도로 629-59 (갈천동),삼척MBC공터,20,5123000000,강원특별자치도 삼척시 갈천동 111,Y,37.4636818,3,2,N,150,4.22301E+24
129.1738129,2,강원특별자치도 삼척시 뒷나루길 153(교동),삼척복합체육공원축구장,52,5123000000,강원특별자치도 삼척시 교동 293,Y,37.4602626,3,2,N,16500,4.22301E+24
129.1212603,1,,가세마을 야산,22,5117000000,강원특별자치도 동해시 천곡동 1-4,Y,37.5290851,7,2,Y,250,
129.1200078,2,,법원삼거리 옆 산책로,18,5117000000,강원특별자치도 동해시 천곡동 1090-14,Y,37.5225035,7,2,Y,250,
129.4894499,1,,마산리 버스승강장 앞,22,4711100000,경상북도 포항시 남구 동해면 마산리 69-5,Y,36.0151834,8,2,N,50,
129.486891,2,,마산리 마을 뒤 도로,19,4711100000,경상북도 포항시 남구 동해면 마산리 247-2,Y,36.0154394,8,3,N,55,
129.5068467,3,,흥환주유소 옆 도로,22,4711100000,경상북도 포항시 남구 동해면 흥환리 442-4,Y,36.024347,8,3,N,30,
129.5044434,4,,흥환리 마을회관 뒷산,11,4711100000,경상북도 포항시 남구 동해면 흥환리 291,Y,36.0266876,8,2,N,100,
129.5075655,1,,발산교회 앞 공터,17,4711100000,경상북도 포항시 남구 동해면 발산리 376-4,Y,36.0333317,9,2,N,31,
129.519276,2,,발산2리 마을뒤 공터,25,4711100000,경상북도 포항시 남구 동해면 발산리 116-2,Y,36.0451715,9,2,N,30,
129.0337777,1,강원특별자치도 강릉시 강동면 정동1길 13-2 ,고성산,15,5115000000,강원특별자치도 강릉시 강동면 정동진리 267-4,Y,37.6897531,7,2,N,150,4.21503E+24
129.0338343,2,강원특별자치도 강릉시 강동면 헌화로 1055,정동초등학교  체육관,15,5115000000,강원특별자치도 강릉시 강동면 정동진리 184,Y,37.6872551,7,5,N,100,4.21503E+24
129.0415173,3,강원특별자치도 강릉시 강동면 헌화로 923,바다부채길  대형버스,61,5115000000,강원특별자치도 강릉시 강동면 정동진리 51-4,Y,37.6810427,7,2,N,1200,4.21503E+24
129.3743064,1,,오포1리 마을뒷산(1),340,4777000000,경상북도 영덕군 강구면 오포리 684-1,Y,36.361686,3,2,N,200,
129.373392,2,,오포1리 마을뒷산(2),340,4777000000,경상북도 영덕군 강구면 오포리 산 10,Y,36.3648006,3,2,N,100,
129.4337028,1,경상북도 영덕군 축산면 경정길 17,축산항초등학교 경정,20,4777000000,경상북도 영덕군 축산면 경정리 234,Y,36.4859061,34,5,N,200,4.77704E+24
129.4328048,2,,경정해수욕장 뒷산,25,4777000000,경상북도 영덕군 축산면 경정리 산 60,Y,36.4826735,34,2,N,100,
129.4316246,3,,경정교회 뒷산,30,4777000000,경상북도 영덕군 축산면 경정리 산 192-1,Y,36.4848612,34,2,N,200,
129.4122505,1,경상북도 울진군 매화면 오산항길 59,해양레포츠센터,5,4793000000,경상북도 울진군 매화면 오산리 931,Y,36.8899183,6,1,Y,100,4.79303E+24
129.4149756,2,,순복음교회  뒷 산,11,4793000000,경상북도 울진군 매화면 오산리 294,Y,36.8923852,6,2,N,150,
129.4167352,3,,마을 뒤 고지대,9,4793000000,경상북도 울진군 매화면 오산리 247-1,Y,36.893623,6,2,N,200,
129.0846455,2,, 해군전적비,17,5117000000,강원특별자치도 동해시 망상동 396-38,Y,37.594261,2,2,Y,1900,
129.0898356,3,, 망상초등학교 옆,10,5117000000,강원특별자치도 동해시 망상동 360-5,Y,37.5911198,2,2,Y,500,
129.1204959,1,,일출공원,23,5117000000,강원특별자치도 동해시 묵호진동 2-126,Y,37.5554374,5,2,Y,500,
129.1163009,2,,논골도로,29,5117000000,강원특별자치도 동해시 묵호진동 102-9,Y,37.5541425,5,3,Y,500,
129.1137233,3,강원특별자치도 동해시 묵호시장길 9-12 (묵호진동),산제골도로,30,5117000000,강원특별자치도 동해시 묵호진동 104,Y,37.55379586,5,3,Y,500,4.21701E+24
129.1111913,4,,묵호대교,22,5117000000,강원특별자치도 동해시 발한동 80-303,Y,37.5416531,5,3,Y,410,
129.1246292,1,,감추사 해안도로 주차,27,5117000000,강원특별자치도 동해시 용정동 505,Y,37.51507247,8,2,Y,620,
129.1368815,1,,만경대,31,5117000000,강원특별자치도 동해시 구미동 산 53,Y,37.4871437,9,2,Y,330,
129.1436541,2,,하수종말처리장,31,5117000000,강원특별자치도 동해시 구미동 산 5-9,Y,37.490136,9,3,Y,160,
129.1456068,3,,할미바위 옆 쉼터,15,5117000000,강원특별자치도 동해시 구미동 산 5-1,Y,37.4906596,9,2,Y,160,
129.1577518,4,,추암 조각공원,11,5117000000,강원특별자치도 동해시 추암동 477,Y,37.4795027,9,2,Y,410,
129.1560245,5,,북평공단 소공원,13,5117000000,강원특별자치도 동해시 추암동 513-2,Y,37.4792366,9,3,Y,170,
129.1561666,6,,추암택지,35,5117000000,강원특별자치도 동해시 추암동 24-2,Y,37.4758138,9,3,Y,410,
129.5653081,1,경상북도 포항시 남구 구룡포읍 호미로 395,한빛수산 입구 도로,15,4711100000,경상북도 포항시 남구 구룡포읍 구룡포리 331-18,Y,35.9944508,17,3,N,270,4.71113E+24
129.5650989,2,,해은사 앞,12,4711100000,경상북도 포항시 남구 구룡포읍 구룡포리 94-14,Y,35.9969399,17,3,N,400,
129.5607296,3,경상북도 포항시 남구 구룡포읍 구룡포길 145-10 ,충혼탑 앞,15,4711100000,경상북도 포항시 남구 구룡포읍 구룡포리 382-7,Y,35.9914408,17,2,N,330,4.71113E+24
129.5523906,4,경상북도 포항시 남구 구룡포읍 구룡포길 61,구룡포초등학교 운동장,8,4711100000,경상북도 포항시 남구 구룡포읍 구룡포리 765-1,Y,35.99026454,17,5,N,30,4.71113E+24
129.5646778,5,경상북도 포항시 남구 구룡포읍 용주로 28,브리즈나인 커피숍 앞 주차장,8,4711100000,경상북도 포항시 남구 구룡포읍 구룡포리 316,Y,35.992502,17,2,N,30,4.71113E+24
129.5253485,1,경상북도 포항시 남구 장기면 영암길 70,백경오토캠핑장 앞,17,4711100000,경상북도 포항시 남구 장기면 영암리 344-2,Y,35.909843,22,2,N,401,4.71113E+24
129.5259601,2,,영암리 버스승강장 앞,13,4711100000,경상북도 포항시 남구 장기면 영암리 101-2,Y,35.9039576,22,3,N,89,
129.5132231,1,,양포초등학교 운동장,9,4711100000,경상북도 포항시 남구 장기면 양포리 487-18,Y,35.87620186,24,5,N,3636,
129.5270759,2,, 신창리400-1앞도로 ,23,4711100000,경상북도 포항시 남구 장기면 신창리 400-1,Y,35.8840346,24,3,N,65,
129.432165,1,,창호민박 뒤,16,4777000000,경상북도 영덕군 영덕읍 대탄리 64,Y,36.4346171,25,2,N,130,
129.4310256,2,,대탄갈릴리교회 뒤,10,4777000000,경상북도 영덕군 영덕읍 대탄리 353,Y,36.4356502,25,2,N,130,
129.4329091,1,,지미슈퍼 뒤,35,4777000000,경상북도 영덕군 영덕읍 노물리 70-6,Y,36.4469664,27,2,N,20,
129.430662,2,경상북도 영덕군 영덕읍 노물1길 25,대원사 입구,54,4777000000,경상북도 영덕군 영덕읍 노물리 161-1,Y,36.4477815,27,2,N,35,4.77703E+24
129.4310733,3,,구)노물보건소 맞은편,42,4777000000,경상북도 영덕군 영덕읍 노물리 170,Y,36.4468346,27,2,N,35,
129.4309302,4,경상북도 영덕군 영덕읍 노물2길 12-1 ,선창횟집 뒤,45,4777000000,경상북도 영덕군 영덕읍 노물리 174-4,Y,36.4463479,27,2,N,20,4.77703E+24
129.4342949,5,경상북도 영덕군 영덕읍 노물길 19-13 ,경노회관 뒤 골목,48,4777000000,경상북도 영덕군 영덕읍 노물리 45,Y,36.4464414,27,2,N,25,4.77703E+24
129.4349654,6,경상북도 영덕군 영덕읍 노물길 19-21 ,해녀횟집 뒤 골목,46,4777000000,경상북도 영덕군 영덕읍 노물리 20,Y,36.4463934,27,2,N,25,4.77703E+24
129.4432193,1,,사동2리 391번지 일대,25,4793000000,경상북도 울진군 기성면 사동리 391,Y,36.8300157,9,3,N,50,
129.4443217,2,,사동2리 산13번지일대,20,4793000000,경상북도 울진군 기성면 사동리 산 13,Y,36.8281479,9,2,N,50,
129.4378225,3,경상북도 울진군 기성면 해월헌길 19,기성초등학교사동분교 운동장,15,4793000000,경상북도 울진군 기성면 사동리 455,Y,36.82960863,9,5,N,200,4.79304E+24
129.4420418,4,,사동2리 353-1번지,20,4793000000,경상북도 울진군 기성면 사동리 353-1,Y,36.8331115,9,3,N,500,
128.603734,1,강원특별자치도 속초시 동해대로 3797(대포동),대포초등학교,21,5121000000,강원특별자치도 속초시 대포동 350,Y,38.17383189,13,5,N,800,4.22101E+24
128.6076543,2,강원특별자치도 속초시 대포항1길 16-8 (대포동),대포항전망대,23,5121000000,강원특별자치도 속초시 대포동 753-7,Y,38.176207,13,2,N,1000,4.22101E+24
128.6060342,3,강원특별자치도 속초시 동해대로 3705(대포동),마레몬스호텔,31,5121000000,강원특별자치도 속초시 대포동 245-5,Y,38.1670128,13,2,N,10000,4.22101E+24
129.3678761,1,,만남의광장 앞 도로,16,4793000000,경상북도 울진군 북면 나곡리 산 3-13,Y,37.1283059,34,2,N,200,
129.368611,2,,나곡리725-2 일대 밭,15,4793000000,경상북도 울진군 북면 나곡리 725-4,Y,37.125066,34,2,N,200,
129.3706012,3,경상북도 울진군 북면 울진북로 2346-12 ,모텔 휠파크 ,14,4793000000,경상북도 울진군 북면 나곡리 686-1,Y,37.1245806,34,2,N,360,4.79303E+24
129.518289,1,경상북도 경주시 감포읍 동해안로 2674,김포리조트펜션주차장,12,4713000000,경상북도 경주시 감포읍 오류리 124-1,Y,35.8381855,2,2,N,500,4.71303E+24
129.512169,2,경상북도 경주시 감포읍 동해안로 2695-63 ,감포댐 입구,12,4713000000,경상북도 경주시 감포읍 오류리 산 14-81,Y,35.83658,2,2,N,1000,4.71303E+24
129.5109907,3,경상북도 경주시 감포읍 감포로 323-1 ,척사버스정류장뒤야산,20,4713000000,경상북도 경주시 감포읍 오류리 326-2,Y,35.8162407,2,2,N,1000,4.71303E+24
129.506743,4,경상북도 경주시 감포읍 감포로12길 20,감포중고등학교운동장,20,4713000000,경상북도 경주시 감포읍 오류리 478-2,Y,35.81088623,2,5,N,1300,4.71303E+24
129.3729508,1,,월포다리,10,4711300000,경상북도 포항시 북구 청하면 월포리 3-15,Y,36.2080764,3,2,N,500,
129.3672752,2,,월포초교 뒷뜰앞,14,4711300000,경상북도 포항시 북구 청하면 용두리 481-2,Y,36.203341,3,3,N,506,
129.3924505,1,, 칠포2리 주유소 앞 ,16,4711300000,경상북도 포항시 북구 흥해읍 칠포리 265-1,Y,36.1408423,9,2,N,34,
129.426544,1,,용한1리 마을입구,31,4711300000,경상북도 포항시 북구 흥해읍 용한리 산 41-1,Y,36.1100044,11,2,N,21,
129.222569,1,,관덕정,30,5123000000,강원특별자치도 삼척시 근덕면 교가리 692-18,Y,37.3800554,7,2,N,300,
129.2281351,2,,맹방산림욕장입구공터,15,5123000000,강원특별자치도 삼척시 근덕면 하맹방리 221-7,Y,37.3920753,7,2,N,300,
129.2983282,1,,성황당옆대로,31,5123000000,강원특별자치도 삼척시 근덕면 용화리 298-1,Y,37.2885951,11,3,N,100,
129.308228,2,강원특별자치도 삼척시 근덕면 삼척로 2154-31 ,해상케이블카(용화역),30,5123000000,강원특별자치도 삼척시 근덕면 용화리 6,Y,37.2891246,11,1,Y,200,4.22303E+24
129.3090863,3,강원특별자치도 삼척시 근덕면 삼척로 2154,장호용화관광랜드,39,5123000000,강원특별자치도 삼척시 근덕면 장호리 318-1,Y,37.2862996,11,2,N,200,4.22303E+24
129.3034451,4,,해망정,37,5123000000,강원특별자치도 삼척시 근덕면 용화리 192-2,Y,37.2885561,11,2,N,100,
129.3427598,1,,빗물펌프장뒤공터,18,5123000000,강원특별자치도 삼척시 원덕읍 호산리 299-7,Y,37.1734316,17,2,N,325,
129.3385488,2,,호산파출소뒤공터,26,5123000000,강원특별자치도 삼척시 원덕읍 호산리 산 16-7,Y,37.174917,17,2,N,350,
129.3414617,3,강원특별자치도 삼척시 원덕읍 삼척로 412-12 ,호산항뒷산공터,20,5123000000,강원특별자치도 삼척시 원덕읍 호산리 495,Y,37.1747909,17,2,N,100,4.22303E+24
129.5765278,1,,포스코수련원 앞,11,4711100000,경상북도 포항시 남구 구룡포읍 삼정리 95-3,Y,36.0093949,16,3,N,80,
129.5684785,2,,MGM그랜드모텔 앞,18,4711100000,경상북도 포항시 남구 구룡포읍 삼정리 489-2,Y,36.0000299,16,3,N,400,
129.5743189,3,경상북도 포항시 남구 구룡포읍 일출로 125,삼정2리 마을회관,12,4711100000,경상북도 포항시 남구 구룡포읍 삼정리 148-40,Y,36.00541049,16,3,N,200,4.71113E+24
129.5765036,4,,우리수산 앞 사거리 공터,28,4711100000,경상북도 포항시 남구 구룡포읍 석병리 901-3,Y,36.0143156,16,3,N,400,
128.8160223,1,강원특별자치도 강릉시 주문진읍 주문북로 228,소돌휴게소 주차장,6,5115000000,강원특별자치도 강릉시 주문진읍 향호리 8-3,Y,37.9108372,8,2,N,470,4.21503E+24
128.8249218,2,강원특별자치도 강릉시 주문진읍 소돌길 13,우일해변아파트야산,15,5115000000,강원특별자치도 강릉시 주문진읍 주문리 1374,Y,37.9051656,8,2,N,800,4.21503E+24
129.4227435,1,경상북도 영덕군 영덕읍 영덕대게로 723-7 ,창포 교회 뒤편,35,4777000000,경상북도 영덕군 영덕읍 대부리 247-3,Y,36.4038122,23,2,N,400,4.77703E+24
129.4210895,2,경상북도 영덕군 영덕읍 영덕대게로 691-34 ,구)마을회관 옆,35,4777000000,경상북도 영덕군 영덕읍 대부리 273,Y,36.4014279,23,2,N,150,4.77703E+24
129.4641942,1,,마을뒷산 고지대,20,4793000000,경상북도 울진군 후포면 후포리 37,Y,36.6879792,29,2,N,200,
129.462381,2,,후포면 후포리 78,20,4793000000,경상북도 울진군 후포면 후포리 427-3,Y,36.6867941,29,3,N,500,
129.4597203,3,,후포1리마을고지대,20,4793000000,경상북도 울진군 후포면 후포리 447-1,Y,36.6847787,29,2,N,300,
129.4628611,4,,등대산 고지대,25,4793000000,경상북도 울진군 후포면 후포리 산 140,Y,36.6844646,29,2,N,400,
129.3708023,4,경상북도 울진군 북면 나실길 31,나곡비치모텔,14,4793000000,경상북도 울진군 북면 나곡리 880,Y,37.1269522,34,4,N,360,4.79303E+24
129.3734229,1,경상북도 울진군 북면 울진북로 2234(석호마을아파트),석호마을 아파트,7,4793000000,경상북도 울진군 북면 나곡리 62-1,Y,37.1141243,35,4,N,330,4.79303E+24
129.3725646,2,경상북도 울진군 북면 울진북로 2149(울진원자력본부 직원사택),한수원아파트,8,4793000000,경상북도 울진군 북면 나곡리 178-1,Y,37.1095448,35,4,Y,500,4.79303E+24
129.3736616,3,,나곡리 129-4 야산,15,4793000000,경상북도 울진군 북면 나곡리 126-3,Y,37.1089309,35,2,N,100,
129.3761104,4,,나곡리 50-18 공터,10,4793000000,경상북도 울진군 북면 나곡리 50-18,Y,37.1135168,35,2,N,50,
129.4136265,1,경상북도 울진군 죽변면 울진북로 1103-14 ,죽변비취모텔 뒷 편,13,4793000000,경상북도 울진군 죽변면 봉평리 200,Y,37.0373571,40,2,N,100,4.79304E+24
129.4119206,2,경상북도 울진군 죽변면 골장길 69,봉평1리 마을회관,13,4793000000,경상북도 울진군 죽변면 봉평리 316,Y,37.0351539,40,2,N,100,4.79304E+24
129.4152895,1,,연지리 406-1번지 일대,22,4793000000,경상북도 울진군 울진읍 연지리 401-12,Y,37.0011218,43,2,N,100,
129.4162282,2,,연지리 495-1번지 도로일대,26,4793000000,경상북도 울진군 울진읍 연지리 495-1,Y,37.0052452,43,3,N,300,
129.4054082,1,,읍남리 102-1번지 마을뒤 언덕,9,4793000000,경상북도 울진군 울진읍 읍남리 102-1,Y,36.9809322,45,2,N,100,
129.4139296,1,,산포리 523번지 일대 밭,11,4793000000,경상북도 울진군 근남면 산포리 523,Y,36.9576424,51,2,N,150,
129.2130281,1,,한재소공원,40,5123000000,강원특별자치도 삼척시 근덕면 상맹방리 22,Y,37.3928996,6,3,N,500,
128.727929,1,,기사문 야산,17,5183000000,강원특별자치도 양양군 현북면 기사문리 산 55-5,Y,38.008665,13,2,N,300,
128.663418,1,강원특별자치도 양양군 손양면 오산길 16-16 ,오산리 야산,15,5183000000,강원특별자치도 양양군 손양면 오산리 81-1,Y,38.088683,9,2,N,500,4.28303E+24
128.78616,1,,남애리 야산1,8,5183000000,강원특별자치도 양양군 현남면 남애리 123,Y,37.939498,16,2,N,200,
128.785942,2,,남애리 야산2,26,5183000000,강원특별자치도 양양군 현남면 남애리 46-2,Y,37.941476,16,2,N,200,
128.786642,3,,남애리 야산3,20,5183000000,강원특별자치도 양양군 현남면 남애리 1-11,Y,37.945434,16,2,N,200,
129.1119424,1,강원특별자치도 동해시 평원로 135(평릉동),평릉공원,22,5117000000,강원특별자치도 동해시 평릉동 102-2,Y,37.53572773,6,2,Y,330,4.21701E+24
129.4666055,1,,카페마레 옆 공터,20,4711100000,경상북도 포항시 남구 동해면 입암리 652-2,Y,36.0073033,7,2,N,21,
129.4769937,2,,입암2리마을회관 앞 ,15,4711100000,경상북도 포항시 남구 동해면 입암리 425-1,Y,36.0132742,7,2,N,20,
128.8753152,1,강원특별자치도 강릉시 사천면 공회당길 13-10 ,장구바위 야산,10,5115000000,강원특별자치도 강릉시 사천면 사천진리 34-6,Y,37.8406398,4,2,N,300,4.21504E+24
128.8686204,2,,강릉성결교회부설 진리수양관 공터,10,5115000000,강원특별자치도 강릉시 사천면 사천진리 209-2,Y,37.8415824,4,2,N,280,
129.4069099,1,,문화교맞은편뒤,15,4777000000,경상북도 영덕군 강구면 하저리 401,Y,36.390607,8,2,N,100,
128.9883059,1,강원특별자치도 강릉시 강동면 갯목길 38-1 ,봉화산,40,5115000000,강원특별자치도 강릉시 강동면 안인진리 20-1,Y,37.7370807,12,2,N,150,4.21503E+24
128.9860711,2,강원특별자치도 강릉시 강동면 율곡로 1867-20 ,안인천주교회 공터,14,5115000000,강원특별자치도 강릉시 강동면 안인진리 213,Y,37.7309512,12,2,Y,100,4.21503E+24
128.9826438,3,강원특별자치도 강릉시 강동면 율곡로 1925-25 ,강인교회 주차장,25,5115000000,강원특별자치도 강릉시 강동면 안인진리 270-18,Y,37.7278467,12,2,N,150,4.21503E+24
128.9726901,4,강원특별자치도 강릉시 강동면 원장봉길 30-8 ,하시동2리 마을회관,20,5115000000,강원특별자치도 강릉시 강동면 하시동리 56-1,Y,37.7372546,12,1,Y,100,4.21503E+24
129.5524254,1,,하정축양장 앞 공터,12,4711100000,경상북도 포항시 남구 구룡포읍 하정리 117-5,Y,35.9711339,19,2,N,350,
129.5467794,2,,하정리 269번지 (하정,12,4711100000,경상북도 포항시 남구 구룡포읍 하정리 269,Y,35.9654463,19,3,N,401,
129.5454222,3,,장길리교회 앞,16,4711100000,경상북도 포항시 남구 구룡포읍 장길리 109-3,Y,35.954819,19,2,N,89,
129.5335507,1,,구평리 117-2번지 앞 주변도로,26,4711100000,경상북도 포항시 남구 구룡포읍 구평리 111-2,Y,35.9440904,20,2,N,89,
128.8268066,1,강원특별자치도 강릉시 주문진읍 약수동길 15-12 ,주영초등학교 운동장,21,5115000000,강원특별자치도 강릉시 주문진읍 주문리 461,Y,37.8978351,14,5,N,1500,4.21503E+24
128.8265874,2,강원특별자치도 강릉시 주문진읍 항구로 43,주문진감리교회 주차,15,5115000000,강원특별자치도 강릉시 주문진읍 주문리 351,Y,37.8938117,14,2,N,1600,4.21503E+24
128.8214971,3,,주문진성당 주차장,18,5115000000,강원특별자치도 강릉시 주문진읍 교항리 산 57,Y,37.8851281,14,2,N,2000,
129.4429078,1,,태흥모텔 앞 공터,30,4777000000,경상북도 영덕군 축산면 경정리 24,Y,36.493712,35,2,N,250,
129.4640252,1,,동해월송정 옆 도로,25,4793000000,경상북도 울진군 기성면 구산리 420-1,Y,36.7557382,15,2,N,50,
129.4633868,2,,비치모텔 뒤 야산,15,4793000000,경상북도 울진군 기성면 구산리 395,Y,36.7525985,15,2,N,50,
129.4704866,1,,직산2리 마을회관 뒷산,20,4793000000,경상북도 울진군 평해읍 직산리 323,Y,36.7239097,20,2,N,30,
129.4692233,2,,직산보건소 뒷산,20,4793000000,경상북도 울진군 평해읍 직산리 318,Y,36.7217447,20,2,N,50,
129.4691026,3,,직산2리 282번지 밭 일대,20,4793000000,경상북도 울진군 평해읍 직산리 282,Y,36.7190422,20,2,N,30,
128.5851081,1,"강원특별자치도 속초시 수복로143번길 60(청학동, 청학연립)",청학연립,30,5121000000,강원특별자치도 속초시 청학동 486-184,Y,38.2031701,7,2,N,710,4.22101E+24
129.4122881,1,,고래꿈호텔 (舊 모텔 아리아),22,4793000000,경상북도 울진군 울진읍 온양리 300-3,Y,37.0160077,42,2,N,300,
129.4121405,2,,동회관 뒷 편 통로박스,15,4793000000,경상북도 울진군 울진읍 온양리 357-3,Y,37.0145814,42,3,N,50,
129.4170356,2,경상북도 울진군 근남면 금호길 55,산포3리 마을회관,7,4793000000,경상북도 울진군 근남면 산포리 77,Y,36.9464321,52,3,N,100,4.79303E+24
129.4174,3,,산포리 92번지 일대 밭,8,4793000000,경상북도 울진군 근남면 산포리 107,Y,36.94406,52,3,N,100,
129.2432955,1,,학리마을 뒷산,23,2671000000,부산광역시 기장군 일광면 학리 160-4,Y,35.2569652,7,2,N,1200,
129.2435932,2,,이동마을 뒷산,14,2671000000,부산광역시 기장군 일광면 이천리 226,Y,35.2735128,7,2,N,1600,
129.3979087,1,,사랑의유람선 앞,18,4711300000,경상북도 포항시 북구 흥해읍 오도리 74-7,Y,36.1636347,7,2,N,40,
129.3963155,2,,작은펜션 앞 공터,34,4711300000,경상북도 포항시 북구 흥해읍 오도리 246-3,Y,36.157803,7,2,N,40,
129.398413,3,,오도해수욕장 입구,20,4711300000,경상북도 포항시 북구 흥해읍 오도리 359-3,Y,36.1541084,7,2,N,48,
128.612282,1,,정암리 야산,18,5183000000,강원특별자치도 양양군 강현면 정암리 62-2,Y,38.140562,3,2,N,200,
128.9399672,1,"강원특별자치도 강릉시 경강로2539번길 22(견소동, 송정해변신도브래뉴아파트)",송정해변 신도브래뉴,6,5115000000,강원특별자치도 강릉시 견소동 289,Y,37.77476,6,4,Y,3500,4.21501E+24
128.9515892,2,,죽도봉,33,5115000000,강원특별자치도 강릉시 견소동 11-1,Y,37.769731,6,2,Y,800,
129.3707311,1,경상북도 영덕군 남정면 진불길 11-27 ,남정중학교,30,4777000000,경상북도 영덕군 남정면 장사리 410-1,Y,36.2833823,10,5,N,500,4.77703E+24
129.3678419,2,,부흥2리 뒷산,30,4777000000,경상북도 영덕군 남정면 장사리 504-1,Y,36.2877011,10,2,N,250,
129.3737694,1,,동해안 횟집공터,7,4777000000,경상북도 영덕군 남정면 남호리 119-2,Y,36.3333943,14,2,N,100,
129.3774708,2,경상북도 영덕군 남정면 동해대로 4165-11 ,웰빙문화테마 마을입,28,4777000000,경상북도 영덕군 남정면 남호리 36,Y,36.3295289,14,2,N,70,4.77703E+24
129.4221028,1,,구국도변 공터(1),28,4777000000,경상북도 영덕군 병곡면 금곡리 13-1,Y,36.6434624,22,2,N,70,
129.4206424,2,,구국도변 공터(2),35,4777000000,경상북도 영덕군 병곡면 금곡리 49-4,Y,36.6420348,22,2,N,80,
129.5232537,1,경상북도 포항시 남구 장기면 모포길 59,장기초등학교 모포분교 운동장,15,4711100000,경상북도 포항시 남구 장기면 모포리 95,Y,35.93446799,21,2,N,50,4.71113E+24
129.5173636,2,,대진주유소 앞,14,4711100000,경상북도 포항시 남구 장기면 대진리 87-3,Y,35.923022,21,2,N,58,
129.5255122,1,,신창리 산12-3 공터,35,4711100000,경상북도 포항시 남구 장기면 신창리 산 12-3,Y,35.9010202,23,2,N,89,
129.5266789,2,,황제노래연습장 앞,16,4711100000,경상북도 포항시 남구 장기면 신창리 479-4,Y,35.8852777,23,2,Y,50,
129.5237687,3,,부산돼지국밥 옆,10,4711100000,경상북도 포항시 남구 장기면 신창리 산 53,Y,35.8920227,23,2,N,58,
129.5302516,1,,등대회식당  버스승강,32,4711100000,경상북도 포항시 남구 장기면 계원리 26-3,Y,35.8677909,25,2,N,179,
129.5253217,2,,세계원 횟집 앞,14,4711100000,경상북도 포항시 남구 장기면 계원리 324,Y,35.8613655,25,2,N,97,
129.4388666,1,,대진3리 마을 뒤 야산,20,4777000000,경상북도 영덕군 영해면 대진리 90-1,Y,36.5504543,30,2,N,150,
129.4371438,1,,사진1리 마을회관,35,4777000000,경상북도 영덕군 영해면 사진리 산 83,Y,36.5384882,31,2,N,100,
129.4424116,1,경상북도 영덕군 축산면 축산항초교길 2,축산항 초교 ,20,4777000000,경상북도 영덕군 축산면 축산리 187,Y,36.5092801,37,5,N,400,4.77704E+24
129.4436097,2,,영해사진 목너머,15,4777000000,경상북도 영덕군 축산면 축산리 산 8-5,Y,36.5117521,37,2,N,400,
129.4509249,3,,죽도산,40,4777000000,경상북도 영덕군 축산면 축산리 산 106-4,Y,36.5075714,37,2,N,300,
129.4437016,4,,블루로드길,40,4777000000,경상북도 영덕군 축산면 축산리 산 113-2,Y,36.5013571,37,2,N,100,
129.4465626,5,,와우산,30,4777000000,경상북도 영덕군 축산면 축산리 산 20-2,Y,36.511169,37,2,N,200,
129.4140342,1,,마을 뒤 고지대,14,4793000000,경상북도 울진군 매화면 오산리 642-1,Y,36.9091648,4,2,N,380,
129.4129694,2,,오산3리 뒷산,11,4793000000,경상북도 울진군 매화면 오산리 561,Y,36.9041697,4,2,N,250,
129.4185966,1,,망양정로,18,4793000000,경상북도 울진군 매화면 오산리 106-4,Y,36.8969414,5,2,N,100,
129.4179046,2,,오산항 등대,43,4793000000,경상북도 울진군 매화면 오산리 238,Y,36.8941742,5,2,N,100,
129.4448608,1,,사동3리 산75번지일대,25,4793000000,경상북도 울진군 기성면 사동리 198,Y,36.8254599,10,2,N,30,
129.4467437,2,,사동3리 169번지 일대,20,4793000000,경상북도 울진군 기성면 사동리 169,Y,36.8230917,10,2,N,30,
129.4737509,1,,구산1리 88번지 일대 밭,20,4793000000,경상북도 울진군 기성면 구산리 88,Y,36.7629648,14,2,N,30,
129.4717285,2,,구산1리 48번지 일대 밭,25,4793000000,경상북도 울진군 기성면 구산리 48,Y,36.7623847,14,2,N,30,
129.4672653,3,,구산중앙교회 옆,15,4793000000,경상북도 울진군 기성면 구산리 178-1,Y,36.7609708,14,2,N,30,
129.4659269,4,,구산침례교회 뒷산,20,4793000000,경상북도 울진군 기성면 구산리 304,Y,36.7582997,14,2,N,50,
129.4716346,1,경상북도 울진군 평해읍 개바위길 63,포항공대평해 연수원뒷산,25,4793000000,경상북도 울진군 평해읍 직산리 219,Y,36.7158559,21,2,N,200,4.79303E+24
129.4722515,2,,마을뒷산 고지대,25,4793000000,경상북도 울진군 평해읍 거일리 산 29,Y,36.7135595,21,2,N,300,
129.4725412,3,경상북도 울진군 평해읍 박실길 12-16 ,파도향기펜션,20,4793000000,경상북도 울진군 평해읍 거일리 61,Y,36.7115104,21,2,N,300,4.79303E+24
129.4748372,4,,마을뒷산 고지대,27,4793000000,경상북도 울진군 평해읍 거일리 83-1,Y,36.7096634,21,2,N,200,
128.5857128,1,,해양경찰충혼탑,41,5121000000,강원특별자치도 속초시 장사동 507-1,Y,38.22765221,3,1,N,300,
129.4044631,2,,하저문화마을뒤,14,4777000000,경상북도 영덕군 강구면 하저리 449-1,Y,36.3895778,8,2,N,200,
129.4083523,3,,탁주합동제조장뒤,12,4777000000,경상북도 영덕군 강구면 하저리 115,Y,36.3918497,8,2,N,100,
129.4142114,4,,푸른바다민박뒤,11,4777000000,경상북도 영덕군 강구면 하저리 6-6,Y,36.3935002,8,2,N,100,
129.3771907,1,경상북도 영덕군 남정면 동해대로 3478,힐링턴콘도,15,4777000000,경상북도 영덕군 남정면 부경리 156,Y,36.2722141,9,2,N,400,4.77703E+24
129.4538918,1,,기성리 451번지옆도로,20,4793000000,경상북도 울진군 기성면 기성리 451,Y,36.8044442,11,3,N,30,
129.4490558,2,경상북도 울진군 기성면 기성로 721,비행훈련원 기숙사,40,4793000000,경상북도 울진군 기성면 척산리 410,Y,36.8019228,11,2,N,100,4.79304E+24
129.4516039,3,,척산리 321번지 일대,20,4793000000,경상북도 울진군 기성면 척산리 321,Y,36.8008554,11,2,N,30,
129.4495586,4,경상북도 울진군 기성면 척산2길 24-5 ,기성초등학교 운동장,20,4793000000,경상북도 울진군 기성면 척산리 194,Y,36.79765864,11,5,N,200,4.79304E+24
129.4492087,5,경상북도 울진군 기성면 척산1길 69,척산리 135번지  일대,25,4793000000,경상북도 울진군 기성면 척산리 135,Y,36.7964074,11,2,N,30,4.79304E+24
129.4601709,1,,월송2리마을회관 뒷산,15,4793000000,경상북도 울진군 평해읍 월송리 산 22-5,Y,36.7399094,17,2,N,30,
129.4415825,1,경상북도 울진군 후포면 삼율5길 8,후포초등학교 운동장,18,4793000000,경상북도 울진군 후포면 삼율리 322,Y,36.68067109,26,5,N,9000,4.79304E+24
129.4392657,2,,마을뒤 주차장,19,4793000000,경상북도 울진군 후포면 삼율리 432-3,Y,36.6813177,26,2,N,500,
129.4359237,1,경상북도 울진군 후포면 정실2길 104,남울진 청년회의소,20,4793000000,경상북도 울진군 후포면 삼율리 769,Y,36.6775146,28,2,N,300,4.79304E+24
129.4389305,2,경상북도 울진군 후포면 정실2길 24,공영하이츠 옥상,35,4793000000,경상북도 울진군 후포면 삼율리 258,Y,36.6774715,28,4,Y,500,4.79304E+24
129.4403923,3,경상북도 울진군 후포면 후포삼율로 70,보성장여관 옥상,15,4793000000,경상북도 울진군 후포면 삼율리 247,Y,36.6763056,28,4,N,200,4.79304E+24
129.4362912,4,,공장부지,40,4793000000,경상북도 울진군 후포면 금음리 28-12,Y,36.6734617,28,2,N,500,
129.4588244,1,경상북도 울진군 후포면 후포6길 9-52 ,후포2리마을고지대,25,4793000000,경상북도 울진군 후포면 후포리 361-1,Y,36.6835462,31,2,N,100,4.79304E+24
129.4563943,2,경상북도 울진군 후포면 후포5길 17-4 ,후포2리 뒷산,35,4793000000,경상북도 울진군 후포면 후포리 292-1,Y,36.6838495,31,2,N,400,4.79304E+24
128.6045108,1,강원특별자치도 속초시 해오름로 99(대포동), 속초시하수처리사업소,18,5121000000,강원특별자치도 속초시 대포동 542,Y,38.1828791,12,2,N,630,4.22101E+24
129.1590661,2,강원특별자치도 삼척시 수로부인길 333(증산동),이사부공원,30,5123000000,강원특별자치도 삼척시 증산동 1,Y,37.4746239,2,2,N,200,4.22301E+24
129.4476653,1,,지경IC,20,3120000000,울산광역시 북구 신명동 104-12,Y,35.6513833,2,2,N,400,
129.4391879,2,,신명동 야산,24,3120000000,울산광역시 북구 신명동 134-2,Y,35.6443947,2,2,N,400,
129.4396034,3,울산광역시 북구 동해안로 1769(신명동),울산교육수련원 주차장,11,3120000000,울산광역시 북구 신명동 153-5,Y,35.6412162,2,2,N,800,3.12001E+24
129.1637,1,강원특별자치도 삼척시 수로부인길 453(갈천동),쏠비치주차장1,35,5123000000,강원특별자치도 삼척시 갈천동 225,Y,37.4708,2,2,N,5000,4.22301E+24
129.1606405,3,강원특별자치도 삼척시 수로부인길 453(갈천동),심심사앞공터,20,5123000000,강원특별자치도 삼척시 증산동 172,Y,37.4728997,2,2,N,250,4.22301E+24
129.4278315,1,경상북도 포항시 북구 흥해읍 죽천길185번길 30,죽천초등학교 운동장,22,4711300000,경상북도 포항시 북구 흥해읍 우목리 20,Y,36.09778199,12,5,N,200,4.71133E+24
129.4179368,2,,죽천마을입구 앞 버스,16,4711300000,경상북도 포항시 북구 흥해읍 죽천리 711-1,Y,36.092433,12,2,N,80,
129.4176069,3,,해뜨는집 앞 공터,30,4711300000,경상북도 포항시 북구 흥해읍 죽천리 173-16,Y,36.0886421,12,2,N,90,
129.4131464,1,경상북도 포항시 북구 해안로511번길 9(여남동),해안로511번길10,23,4711300000,경상북도 포항시 북구 여남동 97,Y,36.0734681,13,2,N,150,4.71131E+24
129.4005427,2,경상북도 포항시 북구 삼호로 480-8 (환호동), 환호여중 앞,14,4711300000,경상북도 포항시 북구 환호동 69,Y,36.071144,13,2,N,370,4.71131E+24
129.3950656,3,, 환호공원,14,4711300000,경상북도 포항시 북구 환호동 323-3,Y,36.0680026,13,2,N,570,
129.4052392,4,경상북도 포항시 북구 여남포길21번길 18(여남동),포항해양과학고등학교(한국해양마이스터고등학교) 운동장,22,4711300000,경상북도 포항시 북구 여남동 390,Y,36.07468429,13,5,N,200,4.71131E+24
129.3812344,1,,두호1어린이공원,14,4711300000,경상북도 포항시 북구 두호동 1084-2,Y,36.06453058,14,2,N,1939,
128.5905223,1,,속초조양동선사유적,36,5121000000,강원특별자치도 속초시 조양동 1529,Y,38.1881809,14,2,N,1900,
128.5972083,2,"강원특별자치도 속초시 조양로 40(조양동, 속초조양동 E.S 아뜨리움)",속초ES아뜨리움아파트,16,5121000000,강원특별자치도 속초시 조양동 1571,Y,38.18759828,14,2,N,5000,4.22101E+24
128.6002171,4,강원특별자치도 속초시 영금정로5길 8-28 (영랑동),속초등대전망대,38,5121000000,강원특별자치도 속초시 영랑동 1-7,Y,38.21363683,3,2,N,618,4.22101E+24
129.423171,3,경상북도 울진군 후포면 옥동길 36,금음4리 마을회관 앞,5,4793000000,경상북도 울진군 후포면 금음리 381,Y,36.645175,25,1,,50,4.79304E+24
129.3752655,2,,학산5어린이공원,20,4711300000,경상북도 포항시 북구 항구동 344-6,Y,36.0569511,14,2,N,1500,
129.3714058,3,경상북도 포항시 북구 아호로 50(학산동),포항고등학교 운동장,19,4711300000,경상북도 포항시 북구 학산동 288,Y,36.05563051,14,5,N,14545,4.71131E+24
129.294214,1,,황영조기념관,30,5123000000,강원특별자치도 삼척시 근덕면 초곡리 64,Y,37.3076329,10,1,N,200,
129.2847941,2,,초곡마을입구공터,16,5123000000,강원특별자치도 삼척시 근덕면 초곡리 406-11,Y,37.3106674,10,2,N,100,
129.3469072,1,,남화산공원,60,5123000000,강원특별자치도 삼척시 원덕읍 임원리 45,Y,37.2312748,15,2,N,100,
129.3420517,2,,국도옆공터,45,5123000000,강원특별자치도 삼척시 원덕읍 임원리 412-3,Y,37.2308687,15,2,N,100,
129.345147,3,강원특별자치도 삼척시 원덕읍 임원중앙로 19-75 ,임원마을회관옆공터,35,5123000000,강원특별자치도 삼척시 원덕읍 임원리 65-1,Y,37.2334015,15,2,N,150,4.22303E+24
128.679955,1,,동호리 야산1,35,5183000000,강원특별자치도 양양군 손양면 동호리 산 44,Y,38.058189,11,2,N,250,
128.680589,2,,동호리 야산2,40,5183000000,강원특별자치도 양양군 손양면 동호리 563-8,Y,38.052956,11,2,N,250,
128.791267,1,,원포리 야산,17,5183000000,강원특별자치도 양양군 현남면 원포리 6-2,Y,37.930054,17,2,N,100,
128.796853,2,,지경리 야산,14,5183000000,강원특별자치도 양양군 현남면 지경리 산 1-1,Y,37.919726,17,2,N,100,
129.0982175,1,,노봉해수욕장 내 야산,19,5117000000,강원특별자치도 동해시 망상동 170-1,Y,37.5882803,3,2,Y,700,
129.0995264,2,강원특별자치도 동해시 동해대로 6100(망상동),목재유통센터,28,5117000000,강원특별자치도 동해시 망상동 721,Y,37.5816572,3,2,Y,450,4.21701E+24
129.1055185,3,,노봉택지,27,5117000000,강원특별자치도 동해시 망상동 14-5,Y,37.58218647,3,2,Y,410,
128.9496768,1,강원특별자치도 강릉시 공항길127번길 19(남항진동),세인트컨벤션 웨딩홀,5,5115000000,강원특별자치도 강릉시 남항진동 47,Y,37.7651426,3,4,Y,3000,4.21501E+24
129.53538,1,,대동배1리마을뒷산,23,4711100000,경상북도 포항시 남구 호미곶면 대동배리 산 53-8,Y,36.0584364,10,2,N,77,
129.531303,2,, 대동배1리보건진료소,13,4711100000,경상북도 포항시 남구 호미곶면 대동배리 420-2,Y,36.0557129,10,2,N,80,
129.5406398,3,,대동배2리버스승강장 ,23,4711100000,경상북도 포항시 남구 호미곶면 대동배리 48-2,Y,36.0648826,10,2,N,50,
129.5376572,4,,대동배2리마을뒤,14,4711100000,경상북도 포항시 남구 호미곶면 대동배리 산 26-6,Y,36.0657195,10,2,N,70,
129.5644954,1,,호미곶해맞이광장입구,13,4711100000,경상북도 포항시 남구 호미곶면 대보리 295-2,Y,36.0762907,12,2,N,40,
129.5702085,2,,대보1교차로 앞,15,4711100000,경상북도 포항시 남구 호미곶면 대보리 15,Y,36.0651905,12,3,N,53,
129.5572427,3,경상북도 포항시 남구 호미곶면 보천길 16,대보초등학교 운동장,9,4711100000,경상북도 포항시 남구 호미곶면 구만리 123,Y,36.07817236,12,5,N,500,4.71114E+24
129.555687,4,경상북도 포항시 남구 호미곶면 해맞이로 242,호미곶면 행정복지센터,22,4711100000,경상북도 포항시 남구 호미곶면 구만리 47-6,Y,36.08057424,12,2,N,15,4.71114E+24
129.3937727,1,,금진택지입구,22,4777000000,경상북도 영덕군 강구면 금진리 665-13,Y,36.3660435,6,2,N,200,
129.3944104,2,,풍성호뒤,20,4777000000,경상북도 영덕군 강구면 금진리 630,Y,36.3686808,6,2,N,50,
129.3951734,3,경상북도 영덕군 강구면 영덕대게로 231-2 ,소하민박뒤,20,4777000000,경상북도 영덕군 강구면 금진리 597,Y,36.3692253,6,2,N,50,4.77703E+24
129.403176,1,경상북도 영덕군 강구면 번영길 235,대구대학연수원 주차장,22,4777000000,경상북도 영덕군 강구면 금진리 85,Y,36.37977653,7,2,N,500,4.77703E+24
129.4051363,2,,바다새팬션 뒷산,23,4777000000,경상북도 영덕군 강구면 금진리 31-8,Y,36.3819555,7,2,N,100,
129.3766274,1,,마을회관,30,4777000000,경상북도 영덕군 남정면 부흥리 75-8,Y,36.2919595,11,2,N,300,
129.4279926,1,경상북도 영덕군 영덕읍 창포길 2-11 ,"영덕오토캠핑장 (구,창포초등학교)",25,4777000000,경상북도 영덕군 영덕읍 창포리 550,Y,36.4092927,24,5,N,430,4.77703E+24
129.4249879,2,,창포 보건소 뒤,29,4777000000,경상북도 영덕군 영덕읍 창포리 931,Y,36.407202,24,2,N,30,
129.4267642,3,경상북도 영덕군 영덕읍 영덕대게로 793-5 ,갈매기횟집 뒤,35,4777000000,경상북도 영덕군 영덕읍 창포리 732,Y,36.4072403,24,2,N,30,4.77703E+24
129.3533143,1,울산광역시 울주군 서생면 해맞이로 1326,송정회관 마당,21,3171000000,울산광역시 울주군 서생면 대송리 335-6,Y,35.3662423,4,2,N,200,3.17103E+24
129.3576568,2,,간절곶 임시 공영주차장,24,3171000000,울산광역시 울주군 서생면 대송리 189-1,Y,35.3584968,4,2,N,3500,
129.354355,3,울산광역시 울주군 서생면 송정1길 96,송정공원,30,3171000000,울산광역시 울주군 서생면 대송리 339-29,Y,35.3699846,4,2,N,600,3.17103E+24
130.906157,1,경상북도 울릉군 울릉읍 저동길 54,우산중학교 운동장,45,4794000000,경상북도 울릉군 울릉읍 저동리 452,Y,37.4948833,3,5,N,500,4.79403E+24
130.907369,2,경상북도 울릉군 울릉읍 울릉순환로 236,울릉고등학교 운동장,27,4794000000,경상북도 울릉군 울릉읍 도동리 350,Y,37.4929972,3,5,N,700,4.79403E+24
130.82194,1,경상북도 울릉군 북면 현포1길 38,현포분교 운동장,33,4794000000,경상북도 울릉군 북면 현포리 549,Y,37.5245924,7,5,N,300,4.79403E+24
128.553032,2,,천진리뒷산,16,5182000000,강원특별자치도 고성군 토성면 천진리 산 32,Y,38.255495,5,2,N,450,
128.540417,1,강원특별자치도 고성군 토성면 백촌2길 4,백촌복지회관,10,5182000000,강원특별자치도 고성군 토성면 백촌리 123,Y,38.291983,8,2,N,50,4.28203E+24
128.613204,4,강원특별자치도 속초시 대포항길 186(대포동),롯데리조트속초,43,5121000000,강원특별자치도 속초시 대포동 995,Y,38.1805831,12,2,N,50000,4.22101E+24
128.5871387,3,강원특별자치도 속초시 조양로118번길 7(조양동),청봉초등학교,10,5121000000,강원특별자치도 속초시 조양동 1540-2,Y,38.18799744,9,5,N,300,4.22101E+24
130.873821,1,경상북도 울릉군 울릉읍 간령길 83-18 ,농업기술센터,38,4794000000,경상북도 울릉군 울릉읍 사동리 541-8,Y,37.460251,4,2,N,640,4.79403E+24
128.5790019,4,강원특별자치도 속초시 동해대로 4202(교동),속초농협하나로마트 엑스포점,17,5121000000,강원특별자치도 속초시 교동 673-1,Y,38.1943778,8,4,Y,1000,4.22101E+24
129.3817136,1,,화진2리 비취모텔 앞,21,4711300000,경상북도 포항시 북구 송라면 화진리 185-3,Y,36.2395616,16,2,N,210,
129.3824109,2,,화진1리 버스정류장 ,24,4711300000,경상북도 포항시 북구 송라면 화진리 261-1,Y,36.2365653,16,2,N,208,
130.802054,1,경상북도 울릉군 서면 태하길 130,태하분교 운동장,16,4794000000,경상북도 울릉군 서면 태하리 521-2,Y,37.5130334,6,5,N,50,4.79403E+24
130.800997,2,경상북도 울릉군 서면 태하1길 41,태하출장소,14,4794000000,경상북도 울릉군 서면 태하리 539-26,Y,37.512325,6,2,N,50,4.79403E+24
128.556357,1,강원특별자치도 고성군 토성면 봉포4길 46,경동대학교,19,5182000000,강원특별자치도 고성군 토성면 봉포리 306-3,Y,38.250808,2,2,N,1400,4.28203E+24
128.564404,2,강원특별자치도 고성군 토성면 봉포5길 9,속초기상대,18,5182000000,강원특별자치도 고성군 토성면 봉포리 111-3,Y,38.250728,2,2,N,150,4.28203E+24
129.4244653,1,경상북도 울진군 기성면 망양로 237,늘푸른민박,25,4793000000,경상북도 울진군 기성면 망양리 623-6,Y,36.8566518,53,4,N,30,4.79304E+24
129.4216436,2,,망양2리 515번지일대 밭,15,4793000000,경상북도 울진군 기성면 망양리 514-2,Y,36.8529603,53,2,N,20,
130.8360698,1,경상북도 울릉군 서면 남양4길 31,서면사무소,16,4794000000,경상북도 울릉군 서면 남양리 659-2,Y,37.4722668,5,1,N,100,4.79403E+24
130.8399898,2,경상북도 울릉군 서면 남양1길 42-27 ,남양초등학교,21,4794000000,경상북도 울릉군 서면 남양리 586-2,Y,37.4688996,5,5,N,400,4.79403E+24
130.836491,3,경상북도 울릉군 서면 남서길 52,울릉서중학교 운동장,17,4794000000,경상북도 울릉군 서면 남서리 30-3,Y,37.4687679,5,1,N,400,4.79403E+24
128.548043,1,,문암군부대앞산,25,5182000000,강원특별자치도 고성군 죽왕면 문암진리 산 1-8,Y,38.30344,11,2,N,450,
128.543018,2,강원특별자치도 고성군 죽왕면 동해대로 5540-8 ,문암진리앞산,15,5182000000,강원특별자치도 고성군 죽왕면 문암진리 95-2,Y,38.30018,11,3,N,300,4.28203E+24
128.53121,3,,오호초등학교뒷산,13,5182000000,강원특별자치도 고성군 죽왕면 삼포리 215-5,Y,38.314178,11,2,N,200,
129.4329078,1,,일산지구 공영주차장,13,3117000000,울산광역시 동구 일산동 232-9,Y,35.50173694,3,2,N,1150,
129.4287523,2,,일산지구 중앙주차장,17,3117000000,울산광역시 동구 일산동 963,Y,35.49411063,3,2,N,5212,
129.4339797,3,울산광역시 동구 해수욕장10길 101(일산동),대왕암 앞 공영주차장,18,3117000000,울산광역시 동구 일산동 901,Y,35.49058,3,2,N,5854,3.11701E+24
129.1208902,7,,동해비치호텔 위 마을 주차장,20,5117000000,강원특별자치도 동해시 묵호진동 2-42,Y,37.5578232,4,2,Y,250,
128.5942618,5,강원특별자치도 속초시 영랑로7길 10-8 (동명동),속초감리교회,39,5121000000,강원특별자치도 속초시 동명동 365-1,Y,38.2123698,4,2,N,1500,4.22101E+24
129.3701747,3,,화진교 앞 공터,9,4711300000,경상북도 포항시 북구 송라면 지경리 412-1,Y,36.2501937,15,2,N,50,
129.2140932,1,강원특별자치도 삼척시 근덕면 삼척로 3874-47 ,맹방초등학교,15,5123000000,강원특별자치도 삼척시 근덕면 상맹방리 171-2,Y,37.3986833,19,5,N,200,4.22303E+24
129.2539358,3,,문오성공원,13,2671000000,부산광역시 기장군 일광면 신평리 112,Y,35.2967035,11,2,N,3764,
129.4134636,4,울산광역시 동구 꽃바위6길 25(방어동),문현초등학교 운동장,15,3117000000,울산광역시 동구 방어동 999,Y,35.48046712,4,5,N,3458,3.11701E+24
128.436931,1,,초도항뒷산,20,5182000000,강원특별자치도 고성군 현내면 초도리 84,Y,38.483667,4,2,N,200,
128.4330112,2,강원특별자치도 고성군 현내면 화진포길 476,대진중고등학교 운동장,15,5182000000,강원특별자치도 고성군 현내면 초도리 75,Y,38.48436997,4,5,N,390,4.28203E+24
128.430651,3,,초도2리마을주차장,10,5182000000,강원특별자치도 고성군 현내면 초도리 222-30,Y,38.488511,4,2,N,130,
128.436434,4,강원특별자치도 고성군 현내면 이승만별장길 33,이승만별장,20,5182000000,강원특별자치도 고성군 현내면 죽정리 47-1,Y,38.470895,4,2,N,50,4.28203E+24
128.5882824,4,"강원특별자치도 속초시 수복로 174(금호동, 생모리츠 아파트)",금호생모리츠아파트 ,11,5121000000,강원특별자치도 속초시 금호동 630,Y,38.2033049,6,2,N,4000,4.22101E+24
129.3744689,1,,(구)지경리 검문소 앞 ,14,4711300000,경상북도 포항시 북구 송라면 지경리 199-2,Y,36.2627232,15,2,N,130,
129.3719128,2,,화진휴게소 앞 공터,19,4711300000,경상북도 포항시 북구 송라면 지경리 331-5,Y,36.2543228,15,2,N,140,
128.507909,1,강원특별자치도 고성군 죽왕면 가진해변길 65,가진교회,12,5182000000,강원특별자치도 고성군 죽왕면 가진리 123-3,Y,38.37254,10,2,N,300,4.28203E+24
128.510808,2,,가진항뒷산,17,5182000000,강원특별자치도 고성군 죽왕면 가진리 46-14,Y,38.368111,10,2,N,400,
128.476095,3,,동호리뒷산,22,5182000000,강원특별자치도 고성군 간성읍 동호리 산 10-3,Y,38.391802,10,2,N,1170,
129.4320774,1,,성끝마을  수협위판장 뒤 야산,18,3117000000,울산광역시 동구 방어동 18-32,Y,35.4840945,4,2,N,4242,
129.4246938,2,울산광역시 동구 꽃바위로 341(방어동),방어진초등학교 운동장,17,3117000000,울산광역시 동구 방어동 146,Y,35.48733719,4,5,N,4557,3.11701E+24
129.4159438,3,울산광역시 동구 화문로 55(방어동),화암초등학교 운동장,21,3117000000,울산광역시 동구 방어동 1150,Y,35.48383108,4,5,N,7963,3.11701E+24
129.1632,4,강원특별자치도 삼척시 수로부인길 453(갈천동),쏠비치주차장2,23,5123000000,강원특별자치도 삼척시 갈천동 225,Y,37.4721,3,2,N,200,4.22301E+24
129.3533894,1,울산광역시 울주군 서생면 평동길 14,평동회관 마당,12,3171000000,울산광역시 울주군 서생면 대송리 77-2,Y,35.3566659,5,2,N,200,3.17103E+24
129.353323,2,울산광역시 울주군 서생면 평동2길 9,평동어촌계회관 마당,10,3171000000,울산광역시 울주군 서생면 대송리 67-2,Y,35.356159,5,2,N,480,3.17103E+24
129.3435,1,,국도31호 소공원 (맞은편 버스정류장),13,3171000000,울산광역시 울주군 서생면 나사리 산 15-6,Y,35.3567,6,2,N,800,
129.3305638,2,울산광역시 울주군 서생면 당물길 1,서생중학교 운동장,15,3171000000,울산광역시 울주군 서생면 신암리 8-1,Y,35.35017964,6,5,N,1200,3.17103E+24
129.3413785,2,울산광역시 울주군 서생면 진하길 7,성동초등학교 운동장,9,3171000000,울산광역시 울주군 서생면 서생리 387,Y,35.38509424,3,1,Y,2000,3.17103E+24
128.5441603,2,강원특별자치도 고성군 토성면 교암1길 15,동광초등학교 운동장,11,5182000000,강원특별자치도 고성군 토성면 교암리 86,Y,38.28835019,8,5,N,500,4.28203E+24
128.547534,3,,천학정야산,15,5182000000,강원특별자치도 고성군 토성면 교암리 177-6,Y,38.288391,8,2,N,200,
129.4522499,1,,주전 카페 컵넛 뒤 야산,18,3117000000,울산광역시 동구 주전동 526-3,Y,35.5666192,2,2,N,3515,
129.4568738,2,울산광역시 동구 동해안로 575(주전동),주전초등학교 운동장,18,3117000000,울산광역시 동구 주전동 277,Y,35.55768598,2,5,N,2164,3.11701E+24
129.3811798,1,,1박2일펜션 앞,23,4711300000,경상북도 포항시 북구 송라면 방석리 104,Y,36.2342569,17,2,N,280,
129.3845862,2,,조사리버스승강장 앞,13,4711300000,경상북도 포항시 북구 송라면 조사리 71-12,Y,36.2227052,17,2,N,293,
128.8314503,1,강원특별자치도 강릉시 주문진읍 연주로 270,강원도립대학교 중앙도서관,5,5115000000,강원특별자치도 강릉시 주문진읍 교항리 48-160,Y,37.8770722,15,1,N,800,4.21503E+24
128.8292831,2,강원특별자치도 강릉시 주문진읍 연주로 270,강원도립대학교 청솔관,5,5115000000,강원특별자치도 강릉시 주문진읍 교항리 8-2,Y,37.8780334,15,1,Y,1000,4.21503E+24
128.8294601,3,강원특별자치도 강릉시 주문진읍 연주로 270,강원특별자치도청 제2청사 글로벌관,5,5115000000,강원특별자치도 강릉시 주문진읍 교항리 8-2,Y,37.8774406,15,1,Y,1000,4.21503E+24
130.902879,1,경상북도 울릉군 울릉읍 도동길 151-19 ,(구)울릉중학교 운동장,48,4794000000,경상북도 울릉군 울릉읍 도동리 223-8,Y,37.4846905,2,5,N,400,4.79403E+24
128.5227978,1,,죽왕초등학교뒷산,20,5182000000,강원특별자치도 고성군 죽왕면 오호리 산 39-1,Y,38.331667,13,2,N,700,
128.5254881,2,강원특별자치도 고성군 죽왕면 오호2길 4-3 ,오호교회,15,5182000000,강원특별자치도 고성군 죽왕면 오호리 170,Y,38.32926,13,2,N,150,4.28203E+24
128.529296,3,,삼포마을뒷산,27,5182000000,강원특별자치도 고성군 죽왕면 삼포리 산 55-1,Y,38.315042,13,2,N,150,
128.448483,1,강원특별자치도 고성군 거진읍 거평로 69,거진중학교 운동장,11,5182000000,강원특별자치도 고성군 거진읍 봉평리 31-1,Y,38.44675038,6,5,N,1500,4.28203E+24
128.4506679,2,강원특별자치도 고성군 거진읍 거탄진로 39-7 ,거진고등학교 고지대,10,5182000000,강원특별자치도 고성군 거진읍 거진리 432,Y,38.4403293,6,5,N,1800,4.28203E+24
128.4575751,3,강원특별자치도 고성군 거진읍 거성길 38,거성초등학교 운동장,29,5182000000,강원특별자치도 고성군 거진읍 거진리 180,Y,38.45221938,6,5,N,1800,4.28203E+24
128.462411,4,강원특별자치도 고성군 거진읍 빨래골길 14-3 ,거진성황당 고지대,32,5182000000,강원특별자치도 고성군 거진읍 거진리 10-6,Y,38.450475,6,2,N,500,4.28203E+24
129.118334,1,,동생말 언덕,25,2629000000,부산광역시 남구 용호동 산 6-1,Y,35.1285486,2,3,N,678,
129.1157806,3,,하평 주차장,13,5117000000,강원특별자치도 동해시 평릉동 84-1,Y,37.533873,7,2,Y,410,
130.8746093,1,경상북도 울릉군 북면 천부3길 20,북면사무소,16,4794000000,경상북도 울릉군 북면 천부리 529-8,Y,37.5411219,8,1,N,200,4.79403E+24
130.871291,2,경상북도 울릉군 북면 천부길 95-3 ,천부초등학교 운동장,55,4794000000,경상북도 울릉군 북면 천부리 694,Y,37.5368233,8,5,N,200,4.79403E+24
129.3262964,1,울산광역시 울주군 서생면 해맞이로 894,서생면사무소 주차장,17,3171000000,울산광역시 울주군 서생면 신암리 245-2,Y,35.3499412,7,2,N,1600,3.17103E+24
129.3239141,2,울산광역시 울주군 서생면 해맞이로 877-2 ,신암회관 마당,12,3171000000,울산광역시 울주군 서생면 신암리 453,Y,35.3491367,7,2,N,400,3.17103E+24
129.3201783,3,울산광역시 울주군 서생면 신리길 97,소망교회 주차장,17,3171000000,울산광역시 울주군 서생면 신암리 324,Y,35.3451325,7,2,N,400,3.17103E+24
128.4611928,1,강원특별자치도 고성군 거진읍 자산천로 82,반암초소,33,5182000000,강원특별자치도 고성군 거진읍 반암리 45,Y,38.4231759,9,2,N,200,4.28203E+24
128.459149,2,강원특별자치도 고성군 거진읍 자산천로 79-22 ,반암리대피소,24,5182000000,강원특별자치도 고성군 거진읍 반암리 71-1,Y,38.423952,9,2,N,500,4.28203E+24
128.5075805,1,강원특별자치도 고성군 죽왕면 공현진한옥길 49,공현진초등학교 운동장,12,5182000000,강원특별자치도 고성군 죽왕면 공현진리 334,Y,38.35371762,12,5,N,700,4.28203E+24
128.509234,2,강원특별자치도 고성군 죽왕면 공현진1길 20,공현진교회,20,5182000000,강원특별자치도 고성군 죽왕면 공현진리 85-4,Y,38.355317,12,2,N,50,4.28203E+24
128.5118866,3,,송지호오토캠핑장뒷산,17,5182000000,강원특별자치도 고성군 죽왕면 오봉리 12-2,Y,38.3417992,12,2,N,200,
128.581019,4,강원특별자치도 속초시 동해대로 4162-10 (조양동),속초성광교회,15,5121000000,강원특별자치도 속초시 조양동 636-43,Y,38.19090624,9,4,Y,200,4.22101E+24
128.5994877,4,"강원특별자치도 속초시 청호로 22(청호동, 속초청호아이파크)",속초아이파크아파트,9,5121000000,강원특별자치도 속초시 청호동 1356,Y,38.19267016,11,2,N,5000,4.22101E+24
