"RGN_CD","ACTC_FCLT_SN","ACTC_FCLT_SE_CD","DONG_CD","ACTC_BLDG_MNG_NO","DADDR","DSSTR_ACTC_FCLT_NM","DSSTR_ACTC_PSBLTY_TNOP","EMD_SN","ETC_CNVN_FCLT_YN","FCAR","STDG_CD","MNG_REPE_TELNO","MESE_FCTY_YN","MLMD_MNG_NO","RONA_DADDR","TELNO","WEB_GIS_LINK_YN","WEB_GIS_LINK_ADDR","BMNO","BSNO","WASU_YN","RPRSV_NM","USE_SE_CD","FRST_REG_DT","ACTC_SE_CD","LAST_MDFCN_DT","SGG_ROAD_NM","SGG_RONA_CD","SGG_NM_KORN","KORN_CTPV_NM","EMD_NM_KORN","UDGD_YN","FXNO","TLT_YN","ROAD_NM_ADDR_CD","ERQK_SHNT_YN","XCRD","YCRD","NDMS_LOT","NDMS_LAT","MNG_DEPT_CD","ACTC_FCLT_DTL_CN","ATCH_FILE_ID","MLNO_YN","LOTNO_MNO","LOTNO_SNO","DSGN_YMD","MVMN_TELNO"
"지역코드","수용시설일련번호","수용시설구분코드","행정동코드","수용건물관리번호","상세주소","이재민수용시설명","이재민수용가능인원","읍면동일련번호","기타편의시설여부","시설면적","법정동코드","관리책임자전화번호","급식시설여부","멀티미디어관리번호","도로명상세주소","전화번호","웹GIS연계여부","웹GIS연계주소","건물본번","건물부번","급수여부","대표자명","사용구분코드","최초등록일시","수용구분코드","최종수정일시","시군구도로명","시군구도로명코드","시군구명한글","한글시도명","읍면동명한글","지하여부","팩스번호","화장실여부","도로명주소코드","지진대피여부","X좌표","Y좌표","NDMS경도","NDMS위도","관리부서코드","수용시설상세내용","첨부파일아이디","산번지여부","지번본번","지번부번","지정일자","이동전화번호"
"4690000000","9","001","4690031000","4690031024103560002007502","356-2","금성초등학교","253","1         ","0","659","4690031024","010****4592","1","","","061-542-9266","","","58","0","","금*****장","1","2014/04/24 15:34:38.000000000","1","2023/11/21 15:02:51.000000000","금골길","469004703052","진도군","전라남도","군내면","0","","1","4690031024103560002007502","N","889241.4322","1616595.1411","126.29301462057671","34.537438419934304","5000123","체육관","","0","356","2","20000101",""
"4690000000","11","001","4690032000","4690032027110480003018021","1048-3","오산초등학교","1151","3         ","0","2993","4690032027","010****9105","1","","","061-543-1064","","","288","0","","오*****장","1","2014/04/24 15:34:28.000000000","1","2023/11/21 16:02:54.000000000","진도대로","469002017002","진도군","전라남도","고군면","0","","1","4690032027110480003018021","N","893666.34955","1611485.904","126.3418636916799","34.49183897963677","5000123","본관 1층","","0","1048","3","20000101",""
"4690000000","14","001","4690035000","4690035021102400002012915","240-2","지산초등학교","565","1         ","0","1469","4690035021","010****3647","1","","","061-542-3733","","","21","12","","지*****장","0","2014/04/24 15:34:23.000000000","1","2025/08/18 15:36:31.000000000","인지독치1길","469004703235","진도군","전라남도","지산면","0","","1","4690035021102400002012915","N","877485.5075","1603914.18025","126.1667545","34.42177667","5000123","본관","","0","240","2","20000101",""
"4690000000","18","001","4690034000","4690034026103030001035678","416","석교초등학교","795","1         ","","2067","4690034026","010****0726","1","","","061-543-3107","","","47","18","","석*****장","1","2014/04/24 15:28:58.000000000","1","2023/11/21 16:03:19.000000000","석교길","469004703152","진도군","전라남도","임회면","0","","1","4690034026103030001035678","Y","879806.56755","1602171.34305","126.166525","34.421913","5000123","본관","","0","416","0","20000101",""
"4374500000","316","007","4374525000","4374525032102530000005846","253","증평종합스포츠센터","1816","1         ","0","4724","4374525032","043-835-3661","0","","","043-835-3544","","","23","0","","이*영","1","2013/04/02 14:41:55.000000000","1","2024/09/09 14:19:03.000000000","인삼로","437453244025","증평군","충청북도","증평읍","0","","1","4374525032102530000005846","Y","1006511.335","1865463.2016","127.5729779553226","36.787285998951866","5570051","강당","","0","253","0","20190624",""
"4374500000","317","001","4374531000","4374531021100870000001997","87","도안초등학교","327","1         ","0","851","4374531021","043-836-8017","1","","","043-835-3513","","","101","0","","임*빈","1","2013/04/02 14:41:50.000000000","1","2024/09/09 15:11:00.000000000","화성로","437453244023","증평군","충청북도","도안면","0","","1","4374531021100870000001997","Y","1009932.2778","1868728.49","127.61136186746714","36.81669193786304","5570051","다목적교실","","0","87","0","20190624",""
"4374500000","318","001","4374525000","4374525030100110019007045","11-19","삼보초등학교","454","1         ","0","1181.49","4374525030","043-836-7992","1","","","043-835-3513","","","140","0","","김*곤","1","2014/02/04 15:05:15.000000000","1","2024/09/09 14:43:58.000000000","삼보로","437453244011","증평군","충청북도","증평읍","0","","1","4374525030100110019007045","N","1007055.2682","1864428.1009","127.57906467685363","36.77795092682087","5570051","다목적교실","","0","11","19","20190624",""
"4374500000","319","001","4374525000","4374525028107260000008161","726","증평중학교","437","1         ","0","1137","4374525028","043-836-2045","1","","","043-835-3513","","","158","0","","","1","2013/04/02 14:41:40.000000000","1","2024/09/09 15:02:10.000000000","광장로","437453014040","증평군","충청북도","증평읍","0","","1","4374525028107260000008161","N","1008024.40725","1864883.14705","127.58993008897198","36.782045341731454","5570051","다목적교실","","0","726","0","20190624",""
"4374500000","320","001","4374525000","4374525028107130000006955","713","증평공업고등학교","237","1         ","0","617","4374525028","043-838-0338","1","","","043-835-3513","","","180","0","","","1","2014/02/27 16:16:29.000000000","1","2024/09/09 14:49:43.000000000","광장로","437453014040","증평군","충청북도","증평읍","0","","1","4374525028107130000006955","N","1008141.7823","1864814.66965","127.59124478601575","36.781427033373355","5570051","다목적교실","","0","713","0","20190624",""
"4421000000","364","018","4421031000","","258-3","어울림건강센터","151","","","545","4421031021","041-660-3406","","","체육관(제2동)","041-660-3403","","","74","21","1","서**장","1","2025/12/22 18:52:48.000000000","1","2025/12/22 18:52:48.000000000","","","","","","0","","1","4421031021102580003089910","N","904052.0852","1862263.963764","126.42511993646599","36.75361283363842","4530320","체육관(실내)","","0","258","3","20251222","041-660-3406"
"4421000000","362","018","4421051000","","90-0","서산시민체육관","407","","","1468","4421010300","041-660-2089","","","제2동","041-660-3984","","","661","0","1","서**장","1","2025/12/22 18:09:16.000000000","1","2025/12/22 18:09:16.000000000","","","","","","0","","1","4421010300108780005026018","N","905091.833158","1867153.797042","126.4361572265623","36.7977905879789","4530320","체육관(실내)","","0","90","0","20251222","041-660-2089"
"4421000000","365","018","4421033000","","1437-1","팔봉문화복지회관","56","","","202","4421033028","041-660-3445","","","제1동","041-660-3792","","","2","0","1","서**장","1","2025/12/22 19:15:42.000000000","1","2025/12/22 19:15:42.000000000","","","","","","0","","1","4421033028114370001082915","Y","897386.424404","1868707.69964","126.34959161281554","36.810991920489315","4530320","강당(1층), 다목적실(2층)","","0","1437","1","20251222","041-660-3445"
"4374500000","321","007","4374525000","4374525028100180000006242","18","증평여성회관","749","1         ","0","1949","4374525028","043-835-3525","1","","","043-835-3541","","","72","0","","이*영","1","2013/04/02 14:41:30.000000000","1","2024/09/09 14:05:43.000000000","문화로","437453244008","증평군","충청북도","증평읍","0","","1","4374525028100180000006242","N","1008094.66965","1865287.3016","127.59072181813698","36.785688094900586","5570051","회의실 등","","0","18","0","20190624",""
"4374500000","322","017","4374525000","4374525021101540000007737","156-0","한국기독교장로회 증평교회","431","1         ","0","1122","4374525021","043-836-2426","1","","","043-835-3541","","","48","0","","복*규","1","2013/04/02 14:41:25.000000000","1","2024/11/12 11:56:49.000000000","신교길","437454532108","증평군","충청북도","증평읍","0","","1","4374525021101560000007766","N","1007549.44925","1864975.3084","127.58460812039895","36.78288005819829","5570051","예배실 등","","0","156","0","20190624",""
"4129000000","2","004","4129052000","4129010200106790000002889","679-0","갈현동주민센터","38","2         ","","99","4129010300","","1","","","02-2150-3204","","","28","0","","","0","2011/04/12 21:30:01.000000000","1","2023/08/07 08:57:39.000000000","중앙로","412903195060","과천시","경기도","갈현동","0","02-507-8642","1","4129010200106790000002889","Y","954792.800469","1935707.55576","126.98909930375143","37.41940608073949","3970095","강당","","0","679","0","20210201",""
"4129000000","3","018","4129053000","4129010900100120000000039","12","별양동주민센터","38","2         ","","99","4129010900","","1","","별양동주민센터","02-2150-3310","","","60","0","","","1","2011/04/12 21:29:36.000000000","1","2024/09/12 23:16:52.000000000","별양로","412903195020","과천시","경기도","","0","025078643","1","4129010900100120000000039","Y","955206.132994","1936235.560687","126.99373829657671","37.42418531245499","3970095","3층 대강당","","0","12","0","20210201",""
"4129000000","4","018","4129055000","4129010500105380001002735","538-9","과천동회관","68","4         ","","179","4129010500","","1","","과천동회관","02-2150-3504","","","608","7","","","1","2011/04/12 21:28:31.000000000","1","2024/09/12 23:18:11.000000000","과천대로","412902000004","과천시","경기도","","0","02-2150-8645","1","4129010500105380009002737","Y","955351.752721","1938888.524568","126.99522346258163","37.448104610178575","3970095","3층 대회의실","","0","538","9","20210201",""
"4129000000","5","018","4129051000","4129010700100680000000001","68","중앙동주민센터","38","1         ","","99","4129010700","","1","","중앙동행정복지센터","02-2150-3105","","","136","0","","","1","2011/04/12 21:30:22.000000000","1","2024/09/12 23:14:16.000000000","관문로","412903195003","과천시","경기도","","0","02-507-8641","1","4129010700100680000000001","Y","955187.153179","1937230.35558","126.99346338281626","37.43315090044505","3970095","3층 대강당","","0","68","0","20210201",""
"4129000000","7","004","4129056000","4129010200100150011001914","187-1","문원동주민센터","63","1         ","","165","4129010200","","1","","문원동 주민센터","02-2150-3608","","","35","0","","","0","2011/04/12 21:30:11.000000000","1","2023/08/07 09:11:56.000000000","공원마을1길","412904385005","과천시","경기도","","0","02-507-8646","1","4129010200101870001000001","Y","955986.101371","1936903.778624","127.00251336465973","37.43024567529107","3970095","강당","","0","187","1","20210201",""
"4129000000","12","018","4129051000","4129010700100060002000751","6-2","과천시민회관","523","1         ","","1361","4129010700","","1","","","025001336","","","5","0","1","이*걸","1","2011/04/12 21:24:27.000000000","1","2024/09/12 23:13:37.000000000","통영로","412903195051","과천시","경기도","","0","","1","4129010700100060002000751","Y","954844.906817","1936659.840105","126.98962989574633","37.42799196749341","3970095","1층 대체육관","","0","6","2","20210201",""
"4129000000","13","004","4129055000","4129010500102490000000271","249","환경사업소","18","1         ","","49","4129010500","","1","","","02-2150-3754","","","17","0","","","0","2011/04/12 21:24:41.000000000","1","2023/08/07 09:10:18.000000000","상하벌로","412903195030","과천시","경기도","","0","","1","4129010500102490000000271","N","955977.816735","1938965.020744","127.00229669635424","37.44882411860131","3970095","관리동 홍보관","","0","249","0","20210201",""
"2726000000","1","001","2726051000","2726010100106780003017075","678-3","동산초등학교","953","1         ","0","2478","2726010100","010****","0","","","010****","","","29","0","","","0","2014/04/03 10:32:30.000000000","1","2018/08/29 09:29:46.000000000","동대구로42길","272604238121","수성구","대구광역시","범어동","0","053) 744-2205","0","2726010100106780003017075","N","1101846.86975","1761992.632","128.62786272563716","35.84918011914009","","","","0","678","3","",""
"2726000000","2","001","2726052000","2726010100101530002032850","154","범어초등학교","882","1         ","0","2295","2726010100","010****","0","","","010****","","","55","0","","","0","2014/04/03 10:32:45.000000000","1","2018/08/29 09:29:46.000000000","달구벌대로489길","272604238062","수성구","대구광역시","범어동","0","053) 756-2219","0","2726010100101530002032850","N","1102352.6627","1763248.41695","128.6336241053384","35.860447557532325","","","","0","154","0","",""
"2726000000","4","001","2726065100","2726011200112960000007329","1296","지봉초등학교","1341","1         ","0","3488","2726011200","010****","0","","","010****","","","45","0","","","0","2014/04/03 10:33:30.000000000","1","2017/05/19 15:39:41.000000000","지범로31길","272604238366","수성구","대구광역시","","0","053) 781-8636","0","2726011200112960000007329","N","1103054.54355","1759361.0153","128.64089452150552","35.82533141852231","","","","0","1296","0","",""
"4421000000","367","018","4421054000","","505-4","수석동 주민자치센터","61","","","220","4421010700","041-660-3643","","","나동(주민자치센터)","041-660-3645","","","2","0","1","서**장","1","2025/12/22 19:34:19.000000000","1","2025/12/22 19:34:19.000000000","","","","","","0","","1","4421010700105050004044411","N","907865.105813","1864159.966609","126.46760076284393","36.77108030129234","4530320","다목적실(2층)","","0","505","4","20251222","041-660-3643"
"2726000000","5","001","2726068000","2726011400101610001027175","161-1","고산초등학교","2129","7         ","0","5536","2726011400","010****","0","","","010****","","","3067","0","","","0","2014/04/03 10:33:20.000000000","1","2018/08/29 09:29:46.000000000","달구벌대로","272602007002","수성구","대구광역시","시지동","0","053) 791-3611","0","2726011400101610001027175","N","1107762.6189","1761514.55385","128.69329737271497","35.84423791042583","","","","0","161","1","",""
"2726000000","6","001","2726055000","2726010200102620000036773","262","동문초등학교","847","1         ","0","2203","2726010200","010****","0","","","010****","","","111","0","","","0","2014/04/03 10:33:50.000000000","1","2017/05/19 15:36:38.000000000","효행로2길","272604238468","수성구","대구광역시","","0","","0","2726010200102620000036773","N","1103988.93885","1764865.25205","128.65195463769663","35.874849870746026","","","","0","262","0","",""
"2726000000","7","001","2726069000","2726011500113320001027333","1332-1","시지초등학교","1306","1         ","0","3396","2726011500","010****","1","","","010****","","","17","0","","","0","2014/04/03 10:34:05.000000000","1","2018/08/29 09:29:46.000000000","달구벌대로631길","272604238096","수성구","대구광역시","매호동","0","","1","2726011500113320001027333","N","1108660.24005","1761502.6918","128.703233507063","35.84403187693031","","","","0","1332","1","",""
"2726000000","8","001","2726066200","2726011300113640000002834","1364","범일초등학교","3249","1         ","0","8449","2726011300","010****","1","","","010****","","","22","0","","","0","2014/04/03 10:34:20.000000000","1","2018/08/29 09:29:46.000000000","범안로4길","272604238231","수성구","대구광역시","범물동","0","","1","2726011300113640000002834","N","1102958.07845","1758374.0843","128.63969957557117","35.81644493493506","","","","0","1364","0","",""
"2814000000","17","001","2814064000","2814010500100300000003478","37-2","인천창영초등학교","163","1         ","0","425","2814010600","032-765-4332","1","","체육관","032-770-6563","","","16","0","","","1","2014/04/04 14:04:15.000000000","1","2024/11/21 16:20:17.000000000","우각로","281403150020","동구","인천광역시","창영동","0","032-764-2348","1","2814010600100370002206983","N","923873.567577","1941794.271679","126.63907170295708","37.47223766377533","3500144","강당","","0","37","2","20190617","032-765-4332"
"2820000000","62","001","2820065000","2820010500105430007019075","543-7","서창중학교","191","1         ","0","498","2820010500","032-629-6222","1","","","032-629-6222","","","16","0","1","","1","2013/04/12 10:24:11.000000000","1","2024/10/17 13:50:52.000000000","독곡로60번길","282004259286","남동구","인천광역시","","0","","1","2820010500105430007019075","Y","933611.680332","1937450.589523","126.74958383092677","37.43383929232376","3530156","다목적강당","","0","543","7","20221108","032-629-6222"
"2820000000","63","001","2820069000","2820011000101710003019333","602-2","논현초등학교","246","1         ","0","640","2820011000","032-446-5191","1","","","032-446-5191","","","102","0","1","","1","2013/04/12 10:24:07.000000000","1","2024/11/07 11:06:37.000000000","소래역로","282003153048","남동구","인천광역시","","0","","1","2820011000101710003019333","Y","931904.423737","1934282.679968","126.73057972616972","37.405162920669724","3530156","체육관(2층)","","0","602","2","20221108","032-446-5191"
"2820000000","64","001","2820069000","2820011000101060008017881","600-2","장도초등학교","250","1         ","0","652","2820011000","032-446-9781","1","","","032-446-9781","","","112","0","1","","1","2013/04/12 10:24:06.000000000","1","2024/11/07 11:05:24.000000000","포구로","282003153077","남동구","인천광역시","","0","","1","2820011000101060008017881","Y","932130.712383","1934574.822802","126.73310954077049","37.40781261469934","3530156","강당(교사동2층)","","0","600","2","20221108","032-446-9781"
"2820000000","65","001","2820070000","2820011000103400004000001","633-8","동방초등학교","261","1         ","0","680","2820011000","032-442-0343","1","","동방초등학교","032-442-0343","","","31","0","1","","1","2013/04/12 10:24:01.000000000","1","2024/11/12 19:49:32.000000000","논현역로","282003153017","남동구","인천광역시","","0","","1","2820011000103400004000001","Y","930916.811016","1934031.965718","126.71944495085938","37.40283009706127","3530156","강당(교사동 2층)","","0","633","8","20221108","032-442-0343"
"4150000000","100","003","4150025000","4150025023200280010021942","산28-10","진암6리 경로당","38","1         ","0","100","4150025023","010****","1","","","010****","","","6","17","","석*석","0","2014/02/11 13:56:40.000000000","1","2019/02/27 15:32:27.000000000","서동대로8830번길","415004421369","이천시","경기도","장호원읍","0","","1","4150025023200280010021942","N","1010299.5757","1901755.70985","127.61593060527488","37.11441068448784","4070128","경로당","","1","28","10","","010****7877"
"4150000000","101","003","4150025000","4150025023100170018021948","17-18","진암7리 경로당","59","1         ","0","154","4150025023","010****","1","","","010****","","","8844","15","","김*현","0","2013/07/04 14:21:00.000000000","1","2019/02/27 15:33:04.000000000","서동대로","415002012006","이천시","경기도","장호원읍","0","","1","4150025023100170018021948","N","1010519.9312","1901769.60015","127.61841108662401","37.114533443828755","4070128","경로당","","0","17","18","","011-345-9651"
"4150000000","106","003","4150025000","4150025030104220000024621","422","나래1리 경로당","26","1         ","0","70","4150025030","010****","1","","","010****","","","73","54","","강*영","0","2013/07/04 14:50:01.000000000","1","2019/02/27 14:22:36.000000000","나래천로509번길","415004421147","이천시","경기도","장호원읍","0","","1","4150025030104220000024621","N","1007650.7838","1908671.0482","127.58618690701245","37.17677231483109","4070128","경로당","","0","422","0","","010****4771"
"4421000000","363","018","4421051000","","100-0","서산어울림체육관","505","","","1820","4421010300","041-660-2089","","","제8동","041-660-3984","","","661","0","1","서**장","1","2025/12/22 18:17:55.000000000","1","2025/12/22 18:17:55.000000000","","","","","","0","","1","4421010300108780005026018","Y","905278.031541","1867326.634223","126.43822252750378","36.7993670502444","4530320","체육관(실내)","","0","100","0","20251222","041-660-2089"
"3114000000","320","001","3114062500","3114010800106870002039335","687-2","대현초등학교","173","2         ","0","450","3114010800","","1","","내진적용(본관동,별관),미적용(체육관)","052-220-1570","","","165","3","","","1","2014/05/02 10:00:30.000000000","1","2025/05/20 14:00:36.000000000","수암로","311403170032","남구","울산광역시","야음동","0","","1","3114010800106870002039335","Y","1165471.739075","1727368.492302","129.3250673592424","35.528477258641345","3700121","체육관","","0","687","2","20150306",""
"3114000000","321","001","3114063500","3114010800107620000029003","762","울산남부초등학교","610","1         ","0","1587","3114010800","","1","","내진적용(본관동),미적용(체육관,교사b동)","052-268-7010","","","11","0","","","1","2014/05/02 09:51:05.000000000","1","2024/11/05 20:39:51.000000000","야음로","311403170039","남구","울산광역시","야음동","0","","1","3114010800107620000029003","N","1165280.900396","1726780.061816","129.3228434946923","35.523206103541575","3700121","체육관","","0","762","0","20150306",""
"3114000000","322","001","3114064000","3114010900101800000000244","180","선암초등학교","171","1         ","0","446","3114010900","","1","","","052-268-2048","","","4","0","","","1","2014/05/02 10:44:40.000000000","1","2025/05/20 14:02:59.000000000","산업로325번길","311404310370","남구","울산광역시","선암동","0","","1","3114010900101800000000244","Y","1166620.855018","1725801.179881","129.337413654411","35.51416019805982","3700121","체육관","","0","180","0","20150306",""
"3114000000","334","001","3114064000","3114010900102260004021089","559-11","개운초등학교","200","1         ","0","566","3114010900","","1","","내진적용(본관동),미적용(체육관)","052-240-9900","","","28","6","","","1","2014/05/02 10:21:35.000000000","1","2025/05/30 16:13:06.000000000","두왕로106번길","311404310219","남구","울산광역시","선암동","0","","1","3114010900102260004021089","Y","1164291.404496","1725668.137375","129.31171021995445","35.51334968227332","3700121","체육관","","0","559","11","20150306",""
"3114000000","308","001","3114053000","3114010400105920002011019","592-2","울산중앙초등학교","288","1         ","0","750","3114010400","","1","","내진적용(체육관), 교사동 3동 내진미적용","052-272-3548","","","34","0","","","1","2014/05/02 09:49:30.000000000","1","2024/11/05 15:02:24.000000000","돋질로91번길","311404310211","남구","울산광역시","신정동","0","","1","3114010400105920002011019","Y","1164552.19885","1728840.37945","129.31522876416645","35.54189508056049","3700121","체육관","","0","592","2","20150306",""
"3114000000","335","018","3114062500","3114010800105770006040304","577-6","도산노인복지관","91","1         ","0","239","3114010800","","1","","","052-226-6962","","","4","0","","","1","2014/04/14 14:57:44.000000000","1","2024/11/05 20:37:03.000000000","대암로129번길","311404310107","남구","울산광역시","야음동","0","","1","3114010800105770006040304","Y","1165912.9742","1727529.6943","129.32996473395949","35.52985628929509","3700121","강당","","0","577","6","20150306",""
"4313000000","128","001","4313055000","4313010600116710000007787","1671","용산초등학교","2545","1         ","0","6618","4313010600","043-850-8374","1","","","043-850-5931","","","109","0","1","이*복","1","2011/11/18 11:19:40.000000000","1","2025/05/26 11:12:37.000000000","남산로","431303238008","충주시","충청북도","","0","","1","4313010600116710000007787","N","1039545.501323","1885006.13413","127.94423255415578","36.962649507107386","4390268","본관","F_000000000006020232","0","1671","0","20190627","043-847-1550"
"4313000000","130","001","4313062500","4313011600108220000017401","822","탄금중학교","159","1         ","0","414","4313011600","043-850-8934","1","","강당-내진설계","043-850-5931","","","56","0","1","육*일","1","2011/11/18 11:17:55.000000000","1","2025/05/27 17:54:02.000000000","우륵로","431303238050","충주시","충청북도","","0","","1","4313011600108220000017401","Y","1037346.54725","1887400.379999","127.91964980450919","36.9843216271905","4390268","다목적 교실","F_000000000006020570","0","822","0","20190627","043-857-0584"
"4313000000","132","018","4313033500","4313033021102410000041710","241-0","대소원면사무소","572","2         ","","1488","4313033521","043-850-8244","1","","면사무소","043-850-5931","","","29","0","1","조*연","1","2014/02/18 10:16:50.000000000","1","2025/05/24 19:41:24.000000000","대소원1길","431304514292","충주시","충청북도","대소원면","0","","1","4313033021102410000041715","N","1028299.66803","1886641.038529","127.81796642359105","36.977792498773255","4390268","본관","","0","241","0","20190627","043-850-2333"
"4313000000","134","007","4313038500","4313038021101860000054863","186-0","중앙탑농업협동조합","38","1         ","","99","4313038521","043-855-0811","1","","","043-850-5934","","","219","0","","","0","2011/11/18 11:16:10.000000000","1","2024/04/26 10:06:26.000000000","중앙탑길","431304515294","충주시","충청북도","가금면","0","","1","4313038021101860000054863","N","1031894.714569","1892116.189655","127.85859030576559","37.02703182647539","4390219","본관","","0","186","0","20190627",""
"4313000000","136","002","4313040000","4313040021111270003061681","1128-9","동량면 대모천마을회관","48","1         ","0","123","4313040021","043-850-2396","1","","","043-850-5931","","","39","0","1","서*일","1","2014/02/18 10:32:19.000000000","1","2025/05/24 19:44:39.000000000","대모천길","431304514286","충주시","충청북도","동량면","0","","1","4313040021111270003061681","N","1042402.45005","1894318.6466","127.97684899350782","37.04646911982349","4390268","마을회관","","0","1128","9","20190627","043-851-5107"
"3611000000","197","002","3611038000","4473036026102170001009246","송곡2리마을회관","송곡2리 마을회관","25","1         ","0","66","3611038026","","1","","","","","","11","1","","이*성","0","2014/02/05 15:27:50.000000000","1","2018/08/29 09:29:46.000000000","능골길","361104574079","","세종특별자치시","전동면","0","","1","4473036026102170001009246","N","","","","","","","","0","217","1","","011-9816-1212"
"3611000000","198","002","3611038000","4473036027101350000009539","","송정1리 마을회관","25","1         ","0","65","3611038027","","1","","","","","","60","0","","박*환","0","2013/09/27 15:41:55.000000000","1","2018/08/29 09:29:46.000000000","상소골길","361104574569","","세종특별자치시","전동면","0","","1","4473036027101350000009539","N","","","","","","","","0","135","0","","010****7375"
"3611000000","199","002","3611038000","4473036027102400001009831","","송정2리 마을회관","25","1         ","0","65","3611038027","","1","","","","","","11","0","","박*대","0","2013/09/27 15:41:50.000000000","1","2018/08/29 09:29:46.000000000","사장골길","361104574229","","세종특별자치시","전동면","0","","1","4473036027102400001009831","N","","","","","","","","0","240","1","","011-492-1086"
"3611000000","200","002","3611036000","4473032024101080006014320","108-6","고복1리마을회관","18","1         ","0","48","3611036024","044-301-5743","1","","","044-301-5743","","","1061","0","","홍*일","1","2013/09/27 15:41:40.000000000","1","2025/11/13 17:30:37.000000000","도신고복로","361103015019","","세종특별자치시","연서면","0","","1","4473032024101080006014320","N","978363.726919","1845241.295047","127.25807701173561","36.604764543217684","5690373","본관","","0","108","6","20170411","010****0388"
"3611000000","201","002","3611038000","4473036029102310002005037","218-7","미곡1리 마을회관","30","1         ","0","80","3611038029","044-300-4565","1","","","044-301-5944","","","946","2","","김*성","1","2013/09/27 15:41:35.000000000","1","2024/09/15 14:59:08.000000000","지곡길","361104574484","","세종특별자치시","전동면","0","","1","4473036029102180007006281","N","974957.039183","1851890.748541","127.21976900088788","36.664625136985975","5690373","본관","","0","218","7","20170411","010****3690"
"3611000000","202","002","3611038000","4473036029101440001005734","미곡2리마을회관","미곡2리 마을회관","30","2         ","0","80","3611038029","","1","","","","","","73","0","","신*복","0","2014/02/05 15:27:00.000000000","1","2018/08/29 09:29:46.000000000","모산고개길","361104574150","","세종특별자치시","전동면","0","","1","4473036029101440001005734","N","","","","","","","","0","144","1","","010****7861"
"3611000000","203","002","3611038000","4473036030103180007008021","송성1리마을회관","송성1리 마을회관","28","1         ","0","75","3611038030","","1","","","","","","16","0","","임*주","0","2014/02/05 15:26:25.000000000","1","2018/08/29 09:29:46.000000000","수회길","361104574334","","세종특별자치시","전동면","0","","1","4473036030103180007008021","N","","","","","","","","0","318","7","","011-427-2883"
"3611000000","204","002","3611038000","4473036030100520001006541","","송성2리 마을회관","26","1         ","0","70","3611038030","","1","","","","","","15","0","","황*서","0","2013/09/27 15:41:20.000000000","1","2018/08/29 09:29:46.000000000","성곡잿말길","361104574302","","세종특별자치시","전동면","0","","1","4473036030100520001006541","N","","","","","","","","0","133","1","","011-9818-2813"
"3611000000","207","002","3611038000","4473036031101740000006978","","심중2리 마을회관","26","1         ","0","70","3611038031","010****","1","","","010****","","","33","1","","김*남","0","2013/10/10 17:06:19.000000000","1","2018/08/29 09:29:46.000000000","덕용골길","361104574097","","세종특별자치시","전동면","0","","1","4473036031101740000006978","N","","","","","","","","0","173","0","",""
"3611000000","208","003","3611037000","4473035031101890001001608","","관정3리 상대부경로당","26","1         ","0","70","3611037027","010****","1","","","010****","","","32","0","","최*영","0","2013/10/11 13:26:14.000000000","1","2018/08/29 09:29:46.000000000","상대부길","361104574248","","세종특별자치시","전의면","0","","1","4473035031101890001001608","N","","","","","","","","0","189","1","",""
"3611000000","209","003","","4473035039101360000011216","","금사리 경로당","23","1         ","0","60","3611037034","010****","1","","","010****","","","14","0","","김*수","0","2013/10/11 13:25:49.000000000","1","2018/08/29 09:29:46.000000000","금사길","361104574050","","세종특별자치시","전의면","0","","1","4473035039101360000011216","N","","","","","","","","0","136","0","",""
"3611000000","210","003","3611037000","4473035026105990002004602","","유천리 양안이경로당","19","1         ","0","50","3611037026","010****","1","","","010****","","","14","1","","양*석","0","2013/10/11 13:25:24.000000000","1","2018/08/29 09:29:46.000000000","양안이길","361104574369","","세종특별자치시","전의면","0","","1","4473035026105990002004602","N","","","","","","","","0","599","2","",""
"3611000000","211","003","3611037000","4473035031104510011010743","451-11","관정1리 군량골경로당","25","1         ","0","65","3611037027","010****5154","1","","","044-301-584","","","48","0","1","","1","2013/10/11 13:25:04.000000000","1","2025/11/26 10:55:57.000000000","군량골길","361104574043","","세종특별자치시","전의면","0","044-301-5829","1","4473035031104510011010743","N","973409.047859","1855916.757368","127.2023073363507","36.70087674551385","5690373","본관","","0","451","11","20170411","010****5542"
"4283000000","173","002","4283034000","4283034030101260000000777","","상월천리 마을회관","45","1         ","0","117","4283034030","","1","","","010****","","","955","11","","손*기","0","2011/02/01 09:52:51.000000000","1","2015/07/20 16:57:14.000000000","화상천로","428303235019","양양군","강원도","현남면","0","","1","4283034030101260000000777","N","1106340.65465","1994624.45435","128.71028585238855","37.945325382892754","","","","0","126","0","","010****1344"
"4283000000","174","002","4283034000","4283034031102070019001694","","하월천리 마을회관","61","1         ","0","160","4283034031","","1","","","010****","","","684","12","","김*성","0","2011/03/23 22:51:12.000000000","1","2016/11/04 11:52:34.000000000","화상천로","428303235019","양양군","강원도","현남면","0","","1","4283034031102070019001694","N","1107717.0713","1992573.85915","128.72564096219045","37.92668544479779","","","","0","207","19","","011-789-2202"
"3611000000","212","003","3611037000","4473035022102150003003970","","동교1리 할머니경로당","11","1         ","0","30","3611037022","010****","1","","","010****","","","2","0","","김*숙","0","2013/10/11 13:24:39.000000000","1","2018/08/29 09:29:46.000000000","동교동촌2길","361104574119","","세종특별자치시","전의면","0","","1","4473035022102150003003970","N","","","","","","","","0","215","3","",""
"3611000000","213","003","3611037000","4473035022101570018003060","","전의경로당","17","1         ","0","45","3611037022","010****","1","","","010****","","","10","0","","김*현","0","2013/10/11 13:24:09.000000000","1","2018/08/29 09:29:46.000000000","동신길","361104574125","","세종특별자치시","전의면","0","","1","4473035022101570018003060","N","","","","","","","","0","157","18","",""
"3611000000","215","003","","4473035032105410003003199","","신정1리 경로당","15","1         ","0","40","3611037028","010****","1","","","010****","","","32","0","","윤*병","0","2013/10/11 13:23:19.000000000","1","2018/08/29 09:29:46.000000000","가나물길","361104574001","","세종특별자치시","전의면","0","","1","4473035032105410003003199","N","","","","","","","","0","541","3","",""
"4150000000","113","003","4150025000","4150025033101910039021108","191-39","노탑5리 경로당","33","1         ","0","87","4150025033","010****","1","","","010****","","","56","0","","이*수","0","2013/07/04 14:52:05.000000000","1","2019/02/27 15:17:09.000000000","장여로85번길","415004421684","이천시","경기도","장호원읍","0","","1","4150025033101910039021108","N","1011467.36065","1902731.7437","127.62908994013459","37.123195293199636","4070128","경로당","","0","191","39","","011-411-8279"
"4150000000","114","003","4150025000","4150025033101940002021018","194-2","노탑6리 경로당","37","1         ","0","97","4150025033","010****","1","","","010****","","","40","10","","이*구","0","2013/07/04 14:52:45.000000000","1","2019/02/27 15:17:32.000000000","장여로55번길","415004421683","이천시","경기도","장호원읍","0","","1","4150025033101940002021018","N","1011446.4089","1902662.32495","127.6288530227741","37.12256979391421","4070128","경로당","","0","194","2","","011-316-7314"
"2814000000","6","001","2814058000","2814010700102350001117108","235-1","인천송림초등학교 ","730","2         ","0","1900","2814010700","032-764-2342","0","","","032-770-6563","","","2","0","","","1","2014/04/04 14:04:40.000000000","1","2024/09/09 14:58:51.000000000","배송로","281403150007","동구","인천광역시","송림동","0","032-764-2340","1","2814010700102350001117108","N","923783.327233","1941994.800734","126.63803050718805","37.474037529186","3500144","체육관","","0","235","1","20190617",""
"3611000000","183","003","3611025000","4473025031100900007040580","90-7","번암1리 경로당","19","1         ","0","50","3611025031","044-301-5172","1","","","044-301-5172","","","11","0","","김*준","1","2013/10/11 10:44:39.000000000","1","2025/11/13 15:59:48.000000000","군청로","361103258001","","세종특별자치시","조치원읍","0","","1","4473025031100900007040580","N","981626.319237","1843122.392424","127.29460763673953","36.585731134339795","5690373","본관","","0","90","7","20170411","010****5268"
"3611000000","184","003","3611025000","4473025032101910001033551","191-1","신안2리 경로당","19","1         ","0","50","3611025032","044-301-5172","1","","","044-301-5172","","","83","0","","홍*표","1","2013/10/11 10:44:09.000000000","1","2025/11/13 17:10:27.000000000","안터길","361104574364","","세종특별자치시","조치원읍","0","","1","4473025032101910001033551","N","980869.971488","1847815.218555","127.28603594544445","36.62802192480232","5690373","본관","","0","191","1","20170411","010****5310"
"3611000000","186","003","3611038000","4473036021106060003007255","606-3","전동분회 경로당","28","1         ","0","75","3611038021","044-300-4565","1","","","044-301-5944","","","35","0","","김*필","1","2013/10/10 17:05:44.000000000","1","2024/09/15 14:55:03.000000000","하노장1길","361104574524","","세종특별자치시","전동면","0","","1","4473036021106060003007255","N","979308.005286","1850915.609169","127.26848228583818","36.65593898295155","5690373","본관","","0","606","3","20170411","010****1522"
"3611000000","187","002","3611038000","4473036021104300002007051","","노장2리 마을회관","28","1         ","0","75","3611038021","","1","","","","","","59","0","","최*인","0","2013/09/27 15:43:20.000000000","1","2018/08/29 09:29:46.000000000","중노장길","361104574480","","세종특별자치시","전동면","0","","1","4473036021104300002007051","N","","","","","","","","0","430","2","","011-423-1672"
"3611000000","188","002","3611038000","4473036021105160001005982","노장3리마을회관","노장3리 마을회관","38","1         ","0","99","3611038021","","1","","","","","","5","0","","이*재","0","2014/02/05 15:33:26.000000000","1","2018/08/29 09:29:46.000000000","상노장길","361104574247","","세종특별자치시","전동면","0","","1","4473036021105160001005982","N","","","","","","","","0","516","1","","019-463-1415"
"3611000000","189","002","3611038000","4473036021105860000006660","","노장4리 마을회관","26","1         ","0","70","3611038021","","1","","","","","","8","0","","노*섭","0","2013/09/27 15:43:10.000000000","1","2018/08/29 09:29:46.000000000","하노장4길","361104574527","","세종특별자치시","전동면","0","","1","4473036021105860000006660","N","","","","","","","","0","586","0","","011-476-3063"
"2614000000","2","012","2614068000","","","4대대","38","","","100","2614012400","","0","FF2614000003","","","0","2","","","","","0","","0","2014/04/17 12:58:12.000000000","","","","","","","","0","","N","","","","","","","","","","","",""
"3611000000","190","002","3611038000","4473036022101280000000344","135-0","봉대리 마을회관","23","1         ","0","60","3611038022","044-300-4565","1","","","044-301-5944","","","17","0","","송*철","0","2013/09/27 15:42:55.000000000","1","2025/09/01 11:06:10.000000000","봉대2길","361104574204","","세종특별자치시","전동면","0","","1","4473036022101350000003282","N","979168.47097","1854033.267026","127.26683630618538","36.6840411763689","5690373","본관","","0","135","0","20170411","010****1500"
"3611000000","191","002","3611036000","4473032030100670009014806","67-9","국촌2리마을회관","18","1         ","0","49","3611036030","044-301-5743","1","","","044-301-5743","","","130","0","","유*자","1","2014/02/05 15:32:26.000000000","1","2025/11/13 17:32:11.000000000","함박로","361103258037","","세종특별자치시","연서면","0","","1","4473032030100670009014806","N","979017.060716","1841965.861898","127.2654714768456","36.575251194459874","5690373","본관","","0","67","9","20170411","010****9150"
"3611000000","192","002","3611036000","4473032032101160002027351","116-2","부동리마을회관","31","2         ","0","81","3611036032","044-301-5743","1","","","044-301-5743","","","853","0","","유*준","1","2014/02/05 15:29:30.000000000","1","2025/11/13 17:32:34.000000000","용연로","361103258063","","세종특별자치시","연서면","0","","1","4473032032101160002027351","N","979383.015333","1840269.725357","127.26960717659745","36.55996847740862","5690373","본관","","0","116","2","20170411","010****3544"
"3611000000","193","002","3611038000","4473036024102840005006649","","석곡리 마을회관","26","1         ","0","70","3611038024","","1","","","","","","6","0","","신*혁","0","2013/09/27 15:42:40.000000000","1","2018/08/29 09:29:46.000000000","하석곡길","361104574529","","세종특별자치시","전동면","0","","1","4473036024102840005006649","N","","","","","","","","0","284","5","","011-438-2193"
"3611000000","194","002","3611038000","4473036025101360002008092","보덕1리마을회관","보덕1리 마을회관","32","1         ","0","85","3611038025","","1","","","","","","67","0","","김*중","0","2014/02/05 15:28:31.000000000","1","2018/08/29 09:29:46.000000000","보평길","361104574587","","세종특별자치시","전동면","0","","1","4473036025101360002008092","N","","","","","","","","0","129","2","","011-535-4173"
"3611000000","195","002","3611038000","4473036025102690006008367","","보덕2리 마을회관","23","1         ","0","60","3611038025","","1","","","","","","180","1","","홍*용","0","2013/09/27 15:42:31.000000000","1","2018/08/29 09:29:46.000000000","깊은내길","361104574585","","세종특별자치시","전동면","0","","1","4473036025102690006008367","N","","","","","","","","0","269","6","","010****1256"
"3611000000","196","002","3611038000","4473036026100750002009708","","송곡1리 마을회관","20","1         ","0","54","3611038026","","1","","","","","","52","2","","임*석","0","2013/09/27 15:42:25.000000000","1","2018/08/29 09:29:46.000000000","모시터길","361104574151","","세종특별자치시","전동면","0","","1","4473036026100750002009708","N","","","","","","","","0","75","2","","016-9566-1131"
"3611000000","249","003","3611037000","4473035036103390002009135","339-2","달성학구 경로당","16","1         ","0","44","3611037032","010****0522","1","","","044-301-5844","","","2","0","1","곽*복","1","2013/10/11 13:06:54.000000000","1","2025/09/16 10:32:28.000000000","압실길","361104574580","","세종특별자치시","전의면","0","044-301-5829","1","4473035036103390002009135","N","971034.750437","1849115.372226","127.17598398297142","36.639494281715415","5690373","본관","","0","339","2","20170411","010****7098"
"3611000000","225","003","3611037000","4473035035100580001007194","영당리할머니경로당","영당리 할머니 경로당","19","2         ","0","50","3611037031","010****","0","","","010****","","","718","0","","정*희","0","2014/02/04 15:01:06.000000000","1","2018/08/29 09:29:46.000000000","의당전의로","361103015023","","세종특별자치시","전의면","0","","0","4473035035100580001007194","N","","","","","","","","0","82","0","",""
"3611000000","252","003","3611037000","4473035024101170000005586","","원성리 삼성경로당","21","1         ","0","55","3611037024","","1","","","010****","","","15","10","","이*구","0","2013/09/27 15:24:15.000000000","1","2018/08/29 09:29:46.000000000","삼성당2길","361104574243","","세종특별자치시","전의면","0","","1","4473035024101170000005586","N","","","","","","","","0","117","0","",""
"3611000000","255","003","3611037000","4473035035100580001007194","","영당리 경로당","26","2         ","0","70","3611037031","010****","1","","","010****","","","718","0","","김*만","0","2013/10/11 11:09:55.000000000","1","2018/08/29 09:29:46.000000000","의당전의로","361103015023","","세종특별자치시","전의면","0","","1","4473035035100580001007194","N","","","","","","","","0","82","0","",""
"3611000000","258","003","3611034000","4473034021101220001029480","122-1","금남면 분회 경로당","21","2         ","0","55","3611034021","044-300-4565","1","","","044-301-5542","","","57","0","","김*섭","0","2013/10/18 11:38:06.000000000","1","2023/08/18 14:46:09.000000000","용포로","361103258023","","세종특별자치시","금남면","0","","1","4473034021101220001029480","N","980337.862458","1829634.529832","127.28054827076058","36.46411122081834","5690373","본관","","0","122","1","20170411","010****7372"
"2814000000","8","001","2814059000","2814010700100340001047151","34-1","인천서흥초등학교","124","4         ","0","323","2814010700","032-773-3406","1","","","032-770-6563","","","189","0","","","1","2014/04/04 14:04:35.000000000","1","2024/09/09 15:00:03.000000000","샛골로","281403149062","동구","인천광역시","송림동","0","032-764-4406","1","2814010700100340001047151","N","924376.61685","1942576.7765","126.64467982582096","37.47933145466109","3500144","강당","","0","34","1","20190617",""
"4128000000","206","001","4128552500","4128510200115750003011477","1575-3","중산초등학교 체육관","419","1         ","0","1090","4128510200","031-977-4193","1","","","031-8075-3237","","","373","0","","","1","2014/03/17 10:07:40.000000000","1","2024/12/11 16:14:01.000000000","탄중로","412853193036","고양시 일산동구","경기도","중산동","0","031-977-4197","1","4128510200115750003011477","Y","936842.97605","1965860.3846","126.78365838232948","37.690119246039494","3940447","체육관","F_000000000005977297","0","1575","3","20150101",""
"2620000000","2","001","2620058500","2620011200100010144016869","100-0","영도초등학교","277","4         ","0","720","2620011200","051-604-0100","0","","","051-419-4314","","","41","0","1","","1","2012/03/13 17:40:30.000000000","1","2024/09/06 20:52:34.000000000","꿈나무길","262004184016","영도구","부산광역시","","0","","1","2620011200108410000003822","Y","1140955.858463","1678310.818712","129.0463260651751","35.090076123692945","3280127","강당","","0","100","0","20181019",""
"2814000000","18","001","2814060500","2814010700100610011089184","61-11","인천서림초등학교","224","3         ","0","583","2814010700","032-766-3327","1","","","032-770-6563","","","105","0","","","1","2014/04/04 14:04:05.000000000","1","2024/09/09 15:03:25.000000000","금곡로","281403150001","동구","인천광역시","송림동","0","032-629-1771","1","2814010700100610011089184","N","924558.48235","1942122.6313","126.64678310182535","37.475253252339265","3500144","체육관","","0","61","11","20190617",""
"2814000000","20","012","2814064000","2814010500100420002014524","","창영사회복지관","115","1         ","0","299","2814010500","","0","","","010****","","","57","0","","남*현","0","2014/04/04 16:39:55.000000000","0","2015/05/01 17:15:10.000000000","우각로","281403150020","동구","인천광역시","","0","","1","2814010500100420002014524","N","924055.1752","1941650.04295","126.64114020098924","37.47095272010646","","","","0","42","3","",""
"4141000000","1","001","4141057000","4141010500108500001005490","양정초등학교","양정초등학교","3857","1         ","0","10030","4141010500","010****","0","","","010****","","","131","0","","라*균","0","2014/02/12 15:50:01.000000000","1","2015/08/27 16:30:19.000000000","오금로","414103200020","군포시","경기도","","0","","1","4141010500108500001005490","N","950445.40755","1929083.9211","126.94041403956666","37.35948205263838","","","","0","850","1","",""
"4141000000","7","001","4141052000","4141010100107950000010369","795","군포초등학교","435","1         ","0","1131","4141010100","010****","1","","","010****","","","61","0","","김*남","0","2007/08/04 12:00:00.000000000","1","2018/08/29 09:29:46.000000000","당동로21번길","414104400130","군포시","경기도","당동","0","","1","4141010100107950000010369","N","950543.4409","1927836.9331","126.94160427912881","37.3482476069281","","","","0","795","0","",""
"4141000000","12","001","4141055000","4141010400102090000008395","209","산본초등학교","152","1         ","0","396","4141010400","010****","0","","","010****","","","60","0","","박*서","0","2013/06/02 10:47:32.000000000","1","2018/08/29 09:29:46.000000000","산본로386번길","414104400237","군포시","경기도","산본동","0","","1","4141010400102090000008395","N","949913.1107","1930090.40425","126.93433534739009","37.368525334262465","","","","0","209","0","",""
"4141000000","15","001","4141052000","4141010300111130000000001","부곡중앙초등학교","부곡중앙초등학교","3075","1         ","0","7996","4141010300","010****","1","","","010****","","","7","0","","고*형","0","2014/02/12 15:48:55.000000000","1","2015/08/27 16:27:51.000000000","송부로273번길","414104400282","군포시","경기도","","0","","1","4141010300111130000000001","N","950473.41925","1925010.8952","126.94100252223731","37.322771414341034","","","","0","1113","0","",""
"4141000000","21","001","4141060000","4141010400111490000007324","고산로 151","당정초등학교","4455","1         ","0","11584","4141010400","010****","0","","","010****","","","191","1","","장*영","0","2013/06/02 10:58:31.000000000","1","2015/08/27 16:26:53.000000000","수리산로","414103200027","군포시","경기도","","0","","1","4141010400111490000007324","N","948729.66265","1929733.47035","126.92099521898376","37.36524346833017","","","","0","1149","0","",""
"4141000000","25","001","4141051000","4141010200109720001000001","당정초등학교","당동초등학교","4626","1         ","0","12030","4141010200","010****","0","","","010****","","","26","24","","송*순","0","2014/02/12 15:47:36.000000000","1","2015/08/27 16:26:06.000000000","고산로151번길","414104400005","군포시","경기도","","0","","1","4141010200109720001000001","N","951709.1346","1927630.4057","126.95477860549934","37.34644746526509","","","","0","972","1","",""
