"SN","FLDN_DOWA","FLDN_GRD","FLDN_AREA","FLDN_YR","FLDN_DST_NM","FLDN_CS_DTL_NM","FLDN_BGNG_YMD","FLDN_END_YMD","FLDN_BGNG_TM","FLDN_END_TM","STDG_CTPV_CD","STDG_SGG_CD","GEOM"
"일련번호","침수수심","침수등급","침수면적","침수연도","침수재해명","침수원인상세명","침수시작일자","침수종료일자","침수시작시각","침수종료시각","법정동시도코드","법정동시군구코드","지오메트리"
"118","1.24","3","541340","2002","2002년도 제 15호태풍 루사 집중호우","농경지 침수 및 농작물 피해, 하우스 파손","20020831","20020901","1600","0000","47","47130","POLYGON((14391405.9522219 4297942.3250228399,14391326.569009701 4297765.2223835699,14391439.952089099 4297713.7093513496,14391485.421653399 4297814.6775579704,14391454.7470499 4297863.8055411298,14391405.9522219 4297942.3250228399))"
"175","1.28","3","421755","2002","2002년도 제 15호태풍 루사 집중호우","농경지 침수 및 농작물 피해, 하우스 파손","20020831","20020901","1600","0000","47","47130","POLYGON((14391758.689776201 4300188.5026681097,14391758.637451001 4300180.1948178802,14391759.461681301 4300161.2200514302,14391757.897237601 4300146.5141886603,14391757.369135501 4300130.75870087,14391760.9000577 4300126.9022148903,14391757.0729161 4300112.3241903996,14391756.732976999 4300110.4616256002,14391753.5921703 4300080.0009527598,14391758.672123799 4300051.9746084996,14391773.3697457 4300039.1894254899,14391786.767431101 4300047.8429942103,14391807.1840236 4300069.87681292,14391807.451730199 4300128.0911663501,14391809.794210499 4300166.8249446303,14391808.5457583 4300189.4318065997,14391806.726734901 4300206.3780947598,14391786.4500235 4300199.48293526,14391762.064730501 4300189.1998486901,14391758.689776201 4300188.5026681097))"
"98","0.75","2","140736","2002","2002년도 제 15호태풍 루사 집중호우","농경지 침수 및 농작물 피해, 하우스 파손","20020831","20020901","1600","0000","47","47130","POLYGON((14391054.734821901 4298867.38571792,14391086.1338697 4298821.4485444603,14391104.530516701 4298854.3508834904,14391124.536281001 4298890.8915752098,14391131.581721 4298903.7686101897,14391136.977634 4298907.3412532499,14391139.893624701 4298907.8512583598,14391148.250817399 4298903.9902085997,14391170.8599004 4298920.3095228104,14391158.0048103 4298939.6425577197,14391114.651285 4298909.4667840796,14391054.734821901 4298867.38571792))"
"52","0.31","1","421755","2002","2002년도 제 15호태풍 루사 집중호우","농경지 침수 및 농작물 피해, 하우스 파손","20020831","20020901","1600","0000","47","47130","POLYGON((14391777.3056948 4300437.8760203598,14391772.6532287 4300408.1094303196,14391772.5204439 4300392.8858612198,14391776.659437699 4300389.2553809704,14391772.1184838 4300380.1854509097,14391772.1910975 4300372.3915230203,14391783.8045233 4300365.8189359196,14391800.520175699 4300359.1685383497,14391811.974925701 4300356.22343376,14391813.59097 4300366.4231206402,14391816.830568301 4300372.8692664001,14391828.8701309 4300388.1945098899,14391836.3312285 4300400.8689412801,14391839.430629199 4300405.24551888,14391841.2260959 4300413.9454418197,14391835.8650636 4300432.6114972504,14391826.587357899 4300442.1122964304,14391795.647186199 4300459.3385140104,14391777.3056948 4300437.8760203598))"
"91","2.15","5","541340","2002","2002년도 제 15호태풍 루사 집중호우","농경지 침수 및 농작물 피해, 하우스 파손","20020831","20020901","1600","0000","47","47130","POLYGON((14391994.174304301 4298291.6817322299,14391973.5944869 4298245.9099818598,14392083.932824999 4298195.4668773999,14392102.8277821 4298216.9974225201,14392107.822579401 4298223.1111757299,14392114.0102078 4298237.0817188099,14391994.174304301 4298291.6817322299))"
"296","1.84","2","541340","2002","2002년도 제 15호태풍 루사 집중호우","농경지 침수 및 농작물 피해, 하우스 파손","20020831","20020901","1600","0000","47","47130","POLYGON((14391729.7427285 4298455.5948697003,14391667.035357499 4298422.5292625297,14391629.092126001 4298402.8353863796,14391616.2425202 4298396.0164130498,14391583.4923087 4298381.0298814801,14391536.9472268 4298356.6431135396,14391554.326101201 4298346.7634152202,14391568.5680361 4298352.3104127403,14391603.731193 4298362.9332485497,14391655.657704201 4298379.3967414098,14391700.794793401 4298394.2939175302,14391732.640961399 4298406.9916639198,14391748.721622599 4298417.8726309398,14391754.6889602 4298422.2752503697,14391760.8019931 4298427.0979564199,14391763.0796338 4298428.8941233102,14391746.211651299 4298443.1686039399,14391729.7427285 4298455.5948697003))"
"18","0.75","2","140736","2002","2002년도 제 15호태풍 루사 집중호우","농경지 침수 및 농작물 피해, 하우스 파손","20020831","20020901","1600","0000","47","47130","POLYGON((14391301.3108138 4299191.7642815597,14391249.4630496 4299156.3208460202,14391210.558383601 4299124.3012212701,14391203.6034275 4299117.2818853101,14391206.1191091 4299109.3804562502,14391228.1392323 4299076.6549980696,14391331.405599101 4299146.9099672204,14391316.980439199 4299168.4265356297,14391301.3108138 4299191.7642815597))"
"28","0.86","2","421755","2002","2002년도 제 15호태풍 루사 집중호우","농경지 침수 및 농작물 피해, 하우스 파손","20020831","20020901","1600","0000","47","47130","POLYGON((14392000.292181799 4300467.8608707804,14392067.2081965 4300360.7144482499,14392090.3368668 4300375.2864875896,14392104.196875799 4300384.0306329504,14392118.141545299 4300392.7502613403,14392050.695218399 4300499.4241902297,14392000.292181799 4300467.8608707804))"
"169","1.28","3","421755","2002","2002년도 제 15호태풍 루사 집중호우","농경지 침수 및 농작물 피해, 하우스 파손","20020831","20020901","1600","0000","47","47130","POLYGON((14391839.0571946 4299814.2570558302,14391827.728891499 4299801.6945842002,14391815.7375615 4299788.39690015,14391808.034001499 4299779.8413054897,14391776.8904473 4299745.4777667299,14391788.4710066 4299737.1785610402,14391795.8846085 4299735.98381723,14391807.019808 4299739.7779467702,14391820.0322403 4299739.9746872997,14391835.637801901 4299748.45540627,14391839.776391299 4299751.2131364504,14391874.841383999 4299774.5392958904,14391866.691766299 4299784.6476359498,14391860.1556316 4299792.1364414096,14391839.0571946 4299814.2570558302))"
"16","1.77","2","47274","2002","2002년도 제 15호태풍 루사 집중호우","농경지 침수 및 농작물 피해, 하우스 파손","20020831","20020901","1600","0000","47","47130","POLYGON((14391441.594518799 4300585.2239941498,14391439.5760516 4300488.23710478,14391585.758481201 4300484.0168116,14391588.5718739 4300579.88048016,14391441.594518799 4300585.2239941498))"
"85","1.38","3","275165","2002","2002년도 제 15호태풍 루사 집중호우","농경지 침수 및 농작물 피해, 하우스 파손","20020831","20020901","1600","0000","47","47130","POLYGON((14391230.865262 4300187.8005805099,14391222.461596999 4300166.4293358596,14391220.5325797 4300152.25273869,14391218.4645328 4300145.6889352696,14391214.1517138 4300140.2675793003,14391205.5694975 4300135.6407748796,14391202.8071841 4300131.9915989498,14391200.826246999 4300129.5283771697,14391183.5277566 4300095.1378341299,14391169.263679 4300066.5500931004,14391168.2276986 4300067.07153608,14391160.8678055 4300051.5784921898,14391159.026737601 4300047.6158881402,14391155.9104633 4300040.9027818898,14391148.7859837 4300026.1445629504,14391158.3698321 4300002.8771933001,14391158.7516382 4300001.2989546601,14391194.960844999 4300040.6105928998,14391216.510429099 4300064.3405188099,14391194.189767599 4300085.2069233702,14391261.770563301 4300159.1001603603,14391230.865262 4300187.8005805099))"
"73","2.12","5","275165","2002","2002년도 제 15호태풍 루사 집중호우","농경지 침수 및 농작물 피해, 하우스 파손","20020831","20020901","1600","0000","47","47130","POLYGON((14391281.495209901 4299583.28765886,14391327.423025699 4299541.1900267499,14391394.636362599 4299614.7630786002,14391348.740762001 4299656.8961608699,14391281.495209901 4299583.28765886))"
"292","0.75","2","140736","2002","2002년도 제 15호태풍 루사 집중호우","농경지 침수 및 농작물 피해, 하우스 파손","20020831","20020901","1600","0000","47","47130","POLYGON((14390677.511445001 4298482.4651305899,14390691.4881685 4298461.9565274799,14390699.469368899 4298450.1502708504,14390707.677402399 4298438.1074715797,14390739.3638709 4298455.3127548499,14390816.5976499 4298497.2968757199,14390779.6222309 4298552.4211513596,14390677.511445001 4298482.4651305899))"
"223","2.13","5","591725","2002","2002년도 제 15호태풍 루사 집중호우","농경지 침수 및 농작물 피해, 하우스 파손","20020831","20020901","1600","0000","47","47130","POLYGON((14390220.675989 4297324.2311271802,14390248.8584543 4297256.9592938898,14390268.1165323 4297212.8424079102,14390294.2641846 4297320.5453033103,14390265.617595401 4297321.6090508504,14390220.675989 4297324.2311271802))"
"84","1.38","3","275165","2002","2002년도 제 15호태풍 루사 집중호우","농경지 침수 및 농작물 피해, 하우스 파손","20020831","20020901","1600","0000","47","47130","POLYGON((14391514.9801799 4300179.3236074103,14391523.4737991 4300170.5904611703,14391567.345634 4300125.6083902596,14391632.8910107 4300058.8257176103,14391676.264403701 4300014.3449927196,14391678.5569357 4300016.9140043799,14391677.899646601 4300026.62604314,14391682.1004187 4300047.6507925503,14391682.5905615 4300050.0996214999,14391684.5355967 4300070.08044584,14391672.2965002 4300056.6921945903,14391618.7005745 4300106.1197581897,14391651.711960999 4300142.75486161,14391642.813992299 4300154.6660695504,14391637.410660001 4300156.4871659996,14391615.3971505 4300160.4244997799,14391578.7444147 4300169.6377669303,14391553.274649899 4300176.3647220396,14391539.792497201 4300179.2519632699,14391532.9604972 4300180.9991467996,14391519.862441501 4300184.73093272,14391514.9801799 4300179.3236074103))"
"209","1.24","3","541340","2002","2002년도 제 15호태풍 루사 집중호우","농경지 침수 및 농작물 피해, 하우스 파손","20020831","20020901","1600","0000","47","47130","POLYGON((14391324.6186934 4297760.8206686899,14391293.558257001 4297691.4440774303,14391263.2928204 4297623.7329134401,14391330.570362501 4297586.8357011499,14391345.602223599 4297593.5729802297,14391357.692755699 4297595.5874914397,14391380.2813469 4297598.1917145504,14391389.7803303 4297602.1553322496,14391437.8070179 4297708.9398512496,14391324.6186934 4297760.8206686899))"
"79","0.61","2","275165","2002","2002년도 제 15호태풍 루사 집중호우","농경지 침수 및 농작물 피해, 하우스 파손","20020831","20020901","1600","0000","47","47130","POLYGON((14391178.923444601 4299963.8279324397,14391177.2637197 4299958.9098468097,14391176.1919544 4299953.95295709,14391175.4616406 4299936.2366232397,14391176.868709199 4299931.3793101804,14391171.215792799 4299918.2554378798,14391176.287424499 4299915.6468926203,14391172.5772686 4299898.9573840396,14391171.140987201 4299891.3156005898,14391179.727520199 4299889.69269617,14391195.264740899 4299883.292103,14391209.149086401 4299873.4729820099,14391220.947065201 4299871.1139773102,14391222.9367783 4299876.0131929796,14391221.769859901 4299876.5515434099,14391221.308837 4299882.9103808096,14391218.934698701 4299884.1818051804,14391240.3571233 4299907.7445018198,14391217.798378499 4299927.6393839903,14391194.837083699 4299948.99441831,14391178.923444601 4299963.8279324397))"
"45","0.85","2","111757","2002","2002년도 제 15호태풍 루사 집중호우","농경지 침수 및 농작물 피해, 하우스 파손","20020831","20020901","1600","0000","47","47130","POLYGON((14392402.2036644 4301184.5953841703,14392396.0279369 4301176.6806884501,14392403.5307518 4301155.1457400201,14392357.9489554 4301145.5780690797,14392351.959871501 4301131.02675403,14392328.1957034 4301128.4445336796,14392322.563388901 4301113.30810213,14392340.9771953 4301108.6227092901,14392369.8083909 4301105.6976573402,14392385.8030078 4301105.4690677198,14392392.049205299 4301105.0065515004,14392414.944465 4301101.8646125896,14392416.618608501 4301114.0089638596,14392415.3015651 4301119.1608932996,14392417.561664401 4301123.1894888096,14392443.5446722 4301128.3061235901,14392438.9869173 4301145.7397486502,14392436.038363099 4301157.49990601,14392432.719628699 4301172.2364252601,14392430.8724843 4301182.2833201801,14392405.1680941 4301175.7818599204,14392402.2036644 4301184.5953841703))"
"261","1.64","2","111757","2002","2002년도 제 15호태풍 루사 집중호우","농경지 침수 및 농작물 피해, 하우스 파손","20020831","20020901","1600","0000","47","47130","POLYGON((14392169.224438701 4301110.2730586398,14392179.3093995 4301077.7941415701,14392253.917745 4301057.9993559299,14392262.5600038 4301024.0300533604,14392216.6692174 4301037.6936599901,14392225.786929101 4300998.0719577996,14392234.2433473 4300995.9403697904,14392241.902856801 4300963.73082483,14392284.5706988 4300954.5871963296,14392321.241332101 4300943.1826419104,14392368.284840001 4300931.9802991701,14392369.032346001 4300935.1477142097,14392366.1160248 4300952.3010367798,14392362.0441097 4300963.7306393199,14392360.702075601 4300967.5022290703,14392353.9249686 4300979.2861267403,14392350.559453901 4300980.6006444702,14392340.9252086 4300994.90631082,14392337.1191744 4301001.8301291196,14392329.268006399 4301016.1107537895,14392326.608426901 4301012.3177830698,14392306.584886299 4301043.6688278103,14392303.036676601 4301055.0735933501,14392300.480263701 4301075.9127553804,14392169.224438701 4301110.2730586398))"
"304","0.85","2","111757","2002","2002년도 제 15호태풍 루사 집중호우","농경지 침수 및 농작물 피해, 하우스 파손","20020831","20020901","1600","0000","47","47130","POLYGON((14392139.575290401 4301267.6725199204,14392135.9461083 4301264.9960780796,14392122.0988733 4301264.0370772099,14392145.520155501 4301187.9562197197,14392160.824957799 4301184.3758056797,14392148.5807338 4301232.3678001398,14392142.452862499 4301256.3887248198,14392139.575290401 4301267.6725199204))"
"101","2.13","5","591725","2002","2002년도 제 15호태풍 루사 집중호우","농경지 침수 및 농작물 피해, 하우스 파손","20020831","20020901","1600","0000","47","47130","POLYGON((14390534.136151001 4297462.4019264299,14390494.7155257 4297437.1262192503,14390455.066023299 4297411.7048044996,14390404.103285899 4297380.0120613798,14390306.6824327 4297319.7485539,14390293.2350873 4297264.8761507301,14390276.0381168 4297194.0318583697,14390286.238646001 4297169.5919409804,14390330.809760099 4297100.0974049997,14390481.1548853 4297193.6396434102,14390523.034861701 4297219.3881565696,14390535.081124101 4297226.1294015599,14390639.597118599 4297290.9096722296,14390587.9018376 4297375.0581244696,14390553.2586665 4297432.6264461,14390534.136151001 4297462.4019264299))"
"288","1.77","2","591725","2002","2002년도 제 15호태풍 루사 집중호우","농경지 침수 및 농작물 피해, 하우스 파손","20020831","20020901","1600","0000","47","47130","POLYGON((14390828.2720211 4297405.3814109303,14390776.655544 4297373.1168748299,14390723.366341701 4297339.8269950701,14390774.8760291 4297255.4098894801,14390828.0789552 4297288.4021206498,14390879.890488699 4297320.7213757196,14390828.2720211 4297405.3814109303))"
"300","0.85","2","111757","2002","2002년도 제 15호태풍 루사 집중호우","농경지 침수 및 농작물 피해, 하우스 파손","20020831","20020901","1600","0000","47","47130","POLYGON((14392371.706846001 4301100.9013217101,14392356.3044373 4301101.7864545304,14392352.917034 4301102.0135207996,14392332.0413139 4301102.9234979497,14392320.6011602 4301099.7207018202,14392318.536006801 4301084.2785187,14392369.2112849 4301080.1788251502,14392371.706846001 4301100.9013217101))"
"154","0.75","2","140736","2002","2002년도 제 15호태풍 루사 집중호우","농경지 침수 및 농작물 피해, 하우스 파손","20020831","20020901","1600","0000","47","47130","POLYGON((14390797.496491799 4298768.8562299795,14390805.564548699 4298756.9110586196,14390843.0456833 4298782.3195463698,14390905.013529601 4298824.6535336496,14390903.1597424 4298827.4138895497,14390893.338075301 4298827.2355478704,14390880.553588299 4298819.8845589496,14390860.8177805 4298804.0154837398,14390837.1423344 4298795.4191083899,14390815.610516399 4298780.4590259101,14390797.496491799 4298768.8562299795))"
"196","1.26","3","111757","2002","2002년도 제 15호태풍 루사 집중호우","농경지 침수 및 농작물 피해, 하우스 파손","20020831","20020901","1600","0000","47","47130","POLYGON((14392148.5807338 4301232.3678001398,14392235.045301899 4301214.2490034597,14392229.9085136 4301236.7976022698,14392226.353640901 4301252.4092019396,14392215.138196301 4301301.6607868699,14392285.358497599 4301285.7189652603,14392280.0986169 4301323.2650538497,14392253.511195701 4301321.8008541903,14392241.3425742 4301320.7228683801,14392225.9501692 4301320.5574711701,14392192.6868944 4301319.1909568198,14392177.7623206 4301310.8627641601,14392174.6087329 4301304.9068179103,14392172.811110601 4301298.1680916697,14392169.7290466 4301294.7421318302,14392158.046690101 4301294.0496888896,14392153.730383599 4301292.4178494196,14392146.8360458 4301292.0278183203,14392142.4534711 4301288.8497120999,14392140.936507 4301283.1480605304,14392140.309139401 4301268.2137389099,14392139.575290401 4301267.6725199204,14392142.452862499 4301256.3887248198,14392148.5807338 4301232.3678001398))"
"252","0.21","1","140736","2002","2002년도 제 15호태풍 루사 집중호우","농경지 침수 및 농작물 피해, 하우스 파손","20020831","20020901","1600","0000","47","47130","POLYGON((14390445.9497348 4298480.2562847501,14390437.4269184 4298461.20164428,14390429.287242301 4298438.76100282,14390423.1151405 4298410.0442001997,14390425.7434866 4298406.1088701896,14390528.115051201 4298477.0520768799,14390513.032250101 4298497.12717399,14390498.6611469 4298516.27814948,14390445.9497348 4298480.2562847501))"
"24","2.15","5","541340","2002","2002년도 제 15호태풍 루사 집중호우","농경지 침수 및 농작물 피해, 하우스 파손","20020831","20020901","1600","0000","47","47130","POLYGON((14391756.4017995 4298398.9863824798,14391637.699413201 4298134.1679534204,14391665.2125315 4298120.6577797001,14391682.7505544 4298105.8138677701,14391747.0567626 4298076.8545518396,14391868.945565701 4298348.4167771405,14391756.4017995 4298398.9863824798))"
"233","2.88","5","591725","2002","2002년도 제 15호태풍 루사 집중호우","농경지 침수 및 농작물 피해, 하우스 파손","20020831","20020901","1600","0000","47","47130","POLYGON((14390415.0332365 4297422.1727281399,14390377.547720101 4297482.9162781397,14390357.1733822 4297450.93584029,14390342.9438894 4297434.4663204104,14390334.043078 4297418.1155032599,14390308.0222026 4297326.2781384196,14390428.073285401 4297400.7340587704,14390415.0332365 4297422.1727281399))"
"280","0.95","2","591725","2002","2002년도 제 15호태풍 루사 집중호우","농경지 침수 및 농작물 피해, 하우스 파손","20020831","20020901","1600","0000","47","47130","POLYGON((14390763.0467286 4296977.5572372796,14390819.533117799 4297041.3265787801,14390817.192742901 4297043.8099179296,14390749.398768701 4297001.04982566,14390763.0467286 4296977.5572372796))"
"303","2.11","5","47274","2002","2002년도 제 15호태풍 루사 집중호우","농경지 침수 및 농작물 피해, 하우스 파손","20020831","20020901","1600","0000","47","47130","POLYGON((14391568.390090199 4300680.5368569903,14391567.3037965 4300631.6618454,14391562.3885944 4300631.67594775,14391560.643825799 4300581.2179805301,14391625.517061001 4300579.07771922,14391628.536093 4300678.2918426404,14391568.390090199 4300680.5368569903))"
"248","1.75","2","421755","2002","2002년도 제 15호태풍 루사 집중호우","농경지 침수 및 농작물 피해, 하우스 파손","20020831","20020901","1600","0000","47","47130","POLYGON((14392548.9389014 4300657.0625998797,14392548.17594 4300657.4940734804,14392539.5320598 4300671.2400246197,14392537.378152199 4300673.9184700297,14392529.050247001 4300663.72265442,14392510.933359999 4300641.9639124405,14392567.246695099 4300560.7142024701,14392594.6444913 4300548.6994745098,14392595.1636972 4300547.6959716296,14392596.816149499 4300548.3430897798,14392591.2449525 4300566.9358359398,14392588.370257501 4300573.8603860401,14392574.3072048 4300604.5418300703,14392556.1154452 4300639.7955948301,14392551.9719884 4300652.7519443296,14392548.9389014 4300657.0625998797))"
"65","1.24","3","541340","2002","2002년도 제 15호태풍 루사 집중호우","농경지 침수 및 농작물 피해, 하우스 파손","20020831","20020901","1600","0000","47","47130","POLYGON((14391325.016307199 4298072.3320730003,14391296.874903699 4298009.7578906296,14391209.905637 4297818.2563894903,14391323.5728759 4297766.3528241701,14391404.003539599 4297945.5007973602,14391402.342289001 4297948.1880371803,14391325.016307199 4298072.3320730003))"
"205","1.28","3","591725","2002","2002년도 제 15호태풍 루사 집중호우","농경지 침수 및 농작물 피해, 하우스 파손","20020831","20020901","1600","0000","47","47130","POLYGON((14389988.662043899 4297409.5881289998,14389992.6635646 4297390.5846880795,14389996.086455399 4297391.60453879,14390003.3121136 4297388.9516136404,14390014.0819168 4297391.12259633,14390014.638889899 4297391.2349689296,14390013.4888581 4297394.5853955699,14390012.955621701 4297399.9397676196,14390007.680110401 4297412.54491405,14389988.662043899 4297409.5881289998))"
"53","0.18","1","591725","2002","2002년도 제 15호태풍 루사 집중호우","농경지 침수 및 농작물 피해, 하우스 파손","20020831","20020901","1600","0000","47","47130","POLYGON((14390857.5412478 4296940.3075456796,14390820.6314569 4296953.6618525404,14390790.8833407 4296964.3043595096,14390774.822154099 4296919.0122297304,14390770.646205699 4296920.5501213996,14390753.2666013 4296874.7005652497,14390786.9109642 4296862.2624792196,14390822.069759799 4296848.5506947897,14390839.920440299 4296894.7263303204,14390857.5412478 4296940.3075456796))"
"193","0.75","2","140736","2002","2002년도 제 15호태풍 루사 집중호우","농경지 침수 및 농작물 피해, 하우스 파손","20020831","20020901","1600","0000","47","47130","POLYGON((14391713.386337901 4299275.1698409999,14391611.301800599 4299205.5225064298,14391650.4570281 4299148.0000105901,14391702.4224007 4299072.5728204502,14391754.704932399 4299214.1062984001,14391713.386337901 4299275.1698409999))"
"138","0.86","2","421755","2002","2002년도 제 15호태풍 루사 집중호우","농경지 침수 및 농작물 피해, 하우스 파손","20020831","20020901","1600","0000","47","47130","POLYGON((14391931.480934801 4300425.5853665499,14391999.1261898 4300318.3557796003,14392018.977969199 4300330.5047757998,14392030.9476141 4300337.8427231302,14391962.4660111 4300445.1869433401,14391931.480934801 4300425.5853665499))"
"62","0.21","1","140736","2002","2002년도 제 15호태풍 루사 집중호우","농경지 침수 및 농작물 피해, 하우스 파손","20020831","20020901","1600","0000","47","47130","POLYGON((14391147.2526624 4298960.6318283398,14391160.850571901 4298940.7315322002,14391175.046987999 4298919.8153542904,14391277.0783884 4298989.2836336298,14391249.147178801 4299030.0775857903,14391147.2526624 4298960.6318283398))"
"197","0.21","1","140736","2002","2002년도 제 15호태풍 루사 집중호우","농경지 침수 및 농작물 피해, 하우스 파손","20020831","20020901","1600","0000","47","47130","POLYGON((14390495.5904784 4298545.0370747698,14390509.8545292 4298525.6448121797,14390525.0520999 4298504.5476665096,14390539.5451118 4298485.0069029797,14390557.300044199 4298461.2245431198,14390572.074918799 4298440.7956811003,14390587.036164301 4298420.5433786903,14390597.494831 4298406.3143803701,14390610.575058799 4298406.5382545497,14390688.283377299 4298459.6120581003,14390588.364073001 4298607.1272714501,14390495.5904784 4298545.0370747698))"
"202","1.28","3","421755","2002","2002년도 제 15호태풍 루사 집중호우","농경지 침수 및 농작물 피해, 하우스 파손","20020831","20020901","1600","0000","47","47130","POLYGON((14391990.4542294 4299924.9254277004,14392082.7952093 4300100.0037903097,14392084.2536858 4300105.2658453695,14392119.595210699 4300148.3196197599,14392110.521748099 4300157.8608042002,14392105.0394415 4300162.2518363297,14392069.8076727 4300190.4492215198,14392064.0420455 4300195.0702124704,14392052.2029434 4300193.9790907698,14391994.8270506 4300158.6326705301,14391916.4034546 4300108.7717308505,14391857.770952299 4300072.31367396,14391911.9851101 4299992.7655004403,14391943.392216001 4299955.2607185403,14391960.1922746 4299945.9588459404,14391974.692266099 4299936.2182822097,14391990.4542294 4299924.9254277004))"
"99","1.75","2","421755","2002","2002년도 제 15호태풍 루사 집중호우","농경지 침수 및 농작물 피해, 하우스 파손","20020831","20020901","1600","0000","47","47130","POLYGON((14391758.8304826 4300002.3689688798,14391760.2445077 4300001.2760535097,14391761.0173677 4299983.2033853298,14391758.399326401 4299955.5157378605,14391753.569939399 4299933.3002643902,14391788.5128376 4299896.1204784401,14391831.794670001 4299851.9848082997,14391874.5810645 4299808.3282087799,14391880.0216817 4299802.7994838096,14391871.0329154 4299849.3846042901,14391863.562013701 4299887.9511818103,14391856.360186299 4299924.8741157101,14391855.281418599 4299935.2536792001,14391855.3724127 4299947.9622655902,14391846.750372401 4299959.9370637396,14391826.2690362 4299984.3417387502,14391803.7845497 4300006.3290292397,14391780.652451601 4300023.7850348298,14391779.191398799 4300023.1916052103,14391758.8304826 4300002.3689688798))"
"128","2.88","5","591725","2002","2002년도 제 15호태풍 루사 집중호우","농경지 침수 및 농작물 피해, 하우스 파손","20020831","20020901","1600","0000","47","47130","POLYGON((14390034.229428001 4297644.6537743099,14390032.689988101 4297638.6490459302,14390011.003270499 4297645.7664812701,14389991.0574404 4297652.2677382799,14389964.055895399 4297662.6957322499,14389953.246274401 4297666.87102124,14389940.075909199 4297650.3678429304,14389928.930088 4297636.4711300498,14389920.309172399 4297625.7756798305,14389902.184958899 4297601.2403196599,14389905.246742999 4297598.8155926,14389864.7901152 4297545.6758060204,14389854.7444924 4297532.9614757299,14389861.701055899 4297528.4559148196,14389870.611938899 4297526.3983540004,14389912.54669 4297528.7473250804,14389972.6892638 4297533.7685364801,14389991.020722801 4297551.4587464603,14390007.450574899 4297573.8405951597,14390026.1856644 4297599.3226554198,14390032.4539651 4297607.1715109898,14390043.099528899 4297620.7484505102,14390053.573045701 4297634.1151155196,14390034.229428001 4297644.6537743099))"
"133","1.26","3","111757","2002","2002년도 제 15호태풍 루사 집중호우","농경지 침수 및 농작물 피해, 하우스 파손","20020831","20020901","1600","0000","47","47130","POLYGON((14392150.9365422 4301152.72307334,14392066.585356601 4301142.6145043299,14392076.5110774 4301100.5871979501,14392163.2915083 4301112.7558222804,14392150.9365422 4301152.72307334))"
"273","0.28","1","111757","2002","2002년도 제 15호태풍 루사 집중호우","농경지 침수 및 농작물 피해, 하우스 파손","20020831","20020901","1600","0000","47","47130","POLYGON((14392145.6593241 4301320.8025807403,14392124.2969296 4301322.2468574699,14392119.196514999 4301322.7332808096,14392110.423484899 4301324.2061570603,14392108.529144799 4301324.5749793397,14392094.107230101 4301321.4537126701,14392081.696449799 4301321.6080723703,14392077.4415833 4301321.5425262004,14392066.325358501 4301320.2828346305,14392054.491935899 4301316.0376223596,14392041.793800799 4301312.9113443904,14392026.329329999 4301311.6657951502,14392036.2958674 4301296.3515696097,14392044.515886201 4301277.4004593203,14392059.359773301 4301276.33500457,14392081.885263201 4301282.0580730801,14392092.410023799 4301282.1350595001,14392095.8709496 4301280.9121102104,14392110.3573328 4301277.7851871001,14392114.889501801 4301271.7111375201,14392120.212249201 4301265.2879757397,14392121.2947187 4301263.9810572602,14392122.0988733 4301264.0370772099,14392135.9461083 4301264.9960780796,14392139.575290401 4301267.6725199204,14392140.309139401 4301268.2137389099,14392140.936507 4301283.1480605304,14392142.4534711 4301288.8497120999,14392142.709948201 4301296.7956423601,14392145.6593241 4301320.8025807403))"
"244","0.21","1","140736","2002","2002년도 제 15호태풍 루사 집중호우","농경지 침수 및 농작물 피해, 하우스 파손","20020831","20020901","1600","0000","47","47130","POLYGON((14391195.667084601 4299108.9847480301,14391192.8769587 4299106.3047817498,14391156.220272001 4299075.37201118,14391136.225287 4299057.2521258397,14391102.1228421 4299028.0564361801,14391105.0458619 4299023.1370432796,14391119.161894999 4299002.21592566,14391132.817089699 4298981.9831547001,14391235.0959017 4299050.69747971,14391220.534542101 4299072.1359859603,14391206.4961333 4299092.9468056299,14391195.667084601 4299108.9847480301))"
"181","1.21","3","591725","2002","2002년도 제 15호태풍 루사 집중호우","농경지 침수 및 농작물 피해, 하우스 파손","20020831","20020901","1600","0000","47","47130","POLYGON((14389279.064773001 4297944.4596104696,14389272.385267399 4297936.3135841899,14389290.6624454 4297924.3887030901,14389320.311202001 4297899.9071345804,14389344.9261485 4297880.4254183397,14389378.980724299 4297924.9444621997,14389344.146440599 4297930.7893563705,14389324.5053818 4297932.9123307802,14389299.140497601 4297939.11946382,14389279.064773001 4297944.4596104696))"
"134","1.28","3","591725","2002","2002년도 제 15호태풍 루사 집중호우","농경지 침수 및 농작물 피해, 하우스 파손","20020831","20020901","1600","0000","47","47130","POLYGON((14390750.871952699 4297114.2772226697,14390646.8911187 4297049.0758642098,14390524.5646559 4296972.7233301699,14390546.232896401 4296938.0266330503,14390556.2405371 4296920.4375933204,14390572.479822701 4296894.3931024,14390624.0309263 4296926.73805713,14390645.9206907 4296939.6224787096,14390740.7318698 4296999.1713011898,14390815.191576401 4297045.8685584702,14390771.8767817 4297091.9400045704,14390750.871952699 4297114.2772226697))"
"103","1.26","3","111757","2002","2002년도 제 15호태풍 루사 집중호우","농경지 침수 및 농작물 피해, 하우스 파손","20020831","20020901","1600","0000","47","47130","POLYGON((14392220.4584607 4300944.5938013997,14392225.756670199 4300927.32568534,14392231.478806701 4300908.1021923805,14392296.730058899 4300892.9015849195,14392291.937426399 4300930.0608780999,14392250.635433 4300940.0553332502,14392220.4584607 4300944.5938013997))"
"159","0.2","1","541340","2002","2002년도 제 15호태풍 루사 집중호우","농경지 침수 및 농작물 피해, 하우스 파손","20020831","20020901","1600","0000","47","47130","POLYGON((14391282.211841701 4297371.9041431099,14391256.1314517 4297366.9392483504,14391248.855340101 4297365.0968466103,14391237.931642 4297362.3622405399,14391218.2097537 4297354.1695247898,14391229.2498709 4297323.0387175102,14391230.111527801 4297316.1349856798,14391225.205533599 4297305.7653056001,14391225.1899866 4297298.4784949804,14391225.157085599 4297289.5291435001,14391245.3910725 4297299.4137220802,14391287.3790338 4297319.9506539404,14391289.3246888 4297351.8340455703,14391287.283786001 4297362.4678371605,14391283.2937482 4297366.4836274497,14391282.211841701 4297371.9041431099))"
"287","0.18","1","591725","2002","2002년도 제 15호태풍 루사 집중호우","농경지 침수 및 농작물 피해, 하우스 파손","20020831","20020901","1600","0000","47","47130","POLYGON((14389980.5601997 4297264.5887012202,14390000.6900008 4297262.4435089203,14390001.316753799 4297271.4978632396,14389999.3921983 4297284.9944239203,14389986.992009399 4297284.6021777,14389983.1213676 4297285.5042074099,14389981.7701106 4297277.8687160397,14389980.5601997 4297264.5887012202))"
"222","0.95","2","591725","2002","2002년도 제 15호태풍 루사 집중호우","농경지 침수 및 농작물 피해, 하우스 파손","20020831","20020901","1600","0000","47","47130","POLYGON((14390378.665640499 4297005.8252804596,14390431.322283 4296923.7781475196,14390441.087377399 4296929.6804383202,14390387.232512999 4297011.2755985502,14390378.665640499 4297005.8252804596))"
"31","2.25","5","47274","2002","2002년도 제 15호태풍 루사 집중호우","농경지 침수 및 농작물 피해, 하우스 파손","20020831","20020901","1600","0000","47","47130","POLYGON((14391471.3094496 4300857.7542887898,14391426.1081775 4300770.1273016799,14391486.851598401 4300738.1976799499,14391508.7404346 4300759.3461873196,14391522.467186701 4300771.4807711504,14391527.5010853 4300775.8746613096,14391548.0370767 4300793.17778676,14391556.7106939 4300799.3360569598,14391567.9605869 4300806.9598198403,14391471.3094496 4300857.7542887898))"
"2","0.95","2","591725","2002","2002년도 제 15호태풍 루사 집중호우","농경지 침수 및 농작물 피해, 하우스 파손","20020831","20020901","1600","0000","47","47130","POLYGON((14390151.9436593 4297458.7963495003,14390163.0158916 4297432.9450256899,14390196.7535045 4297351.6935261898,14390205.763270101 4297329.9476559199,14390218.424055399 4297329.4131913399,14390189.5506214 4297395.5999408299,14390178.622658901 4297428.63891479,14390176.2798211 4297431.2856878899,14390161.682798401 4297463.1679515196,14390151.9436593 4297458.7963495003))"
"263","0.75","2","140736","2002","2002년도 제 15호태풍 루사 집중호우","농경지 침수 및 농작물 피해, 하우스 파손","20020831","20020901","1600","0000","47","47130","POLYGON((14390495.078690801 4298545.6784049803,14390495.5904784 4298545.0370747698,14390588.364073001 4298607.1272714501,14390578.401298201 4298621.8462623702,14390502.599170299 4298561.5175972497,14390495.078690801 4298545.6784049803))"
"92","2.13","5","591725","2002","2002년도 제 15호태풍 루사 집중호우","농경지 침수 및 농작물 피해, 하우스 파손","20020831","20020901","1600","0000","47","47130","POLYGON((14389977.197414899 4297439.7891019201,14389982.2040563 4297435.4598730505,14389983.7227936 4297433.4389867401,14389994.732307 4297430.1260371497,14389999.483851699 4297427.7588449204,14390004.2139233 4297424.7219271604,14390009.6074783 4297415.5371122099,14390012.0158666 4297408.4284123098,14390015.0466062 4297402.2909851801,14390017.931451101 4297399.2744020103,14390041.222058499 4297412.0326630501,14390045.2753844 4297413.8004147597,14390047.5831527 4297418.1679442003,14390046.0685772 4297422.2991755698,14390042.9483684 4297439.5508351298,14390039.8842906 4297445.6261520898,14390019.8626427 4297478.10209243,14390017.907934099 4297484.6076054396,14390013.610231999 4297493.69279222,14390013.252870999 4297508.8866113396,14390014.673591301 4297522.0362209799,14390008.5135331 4297525.8439827999,14389993.9440988 4297528.5829263898,14389988.278813099 4297498.8972204104,14389983.2058296 4297479.4609039202,14389979.845815999 4297471.9526229501,14389979.3806412 4297471.6116490196,14389985.476833099 4297458.9784846697,14389989.657399399 4297452.5825090297,14389977.197414899 4297439.7891019201))"
"306","0.72","2","47274","2002","2002년도 제 15호태풍 루사 집중호우","농경지 침수 및 농작물 피해, 하우스 파손","20020831","20020901","1600","0000","47","47130","POLYGON((14391274.612077 4300842.3022920499,14391252.06167 4300798.8988345098,14391275.543796301 4300786.2403857,14391274.5915644 4300784.4494505003,14391249.611754701 4300797.8394144,14391224.0522481 4300748.6151799997,14391224.022922199 4300742.1491000801,14391225.338323699 4300729.7287332201,14391225.0228594 4300707.1972319204,14391226.230496099 4300694.22243586,14391229.992167801 4300677.5252779797,14391231.5281181 4300663.1953160902,14391237.834517701 4300667.5375666302,14391266.779506201 4300696.7578621404,14391282.2545633 4300726.23472731,14391327.4593294 4300814.63681232,14391274.612077 4300842.3022920499))"
"179","0.95","2","591725","2002","2002년도 제 15호태풍 루사 집중호우","농경지 침수 및 농작물 피해, 하우스 파손","20020831","20020901","1600","0000","47","47130","POLYGON((14390208.029254001 4297324.9825900504,14390239.382054999 4297252.0613858402,14390247.2904383 4297238.6781960204,14390253.687543999 4297220.2722500199,14390260.3213521 4297194.5464583896,14390262.5100783 4297189.7428127704,14390268.1165323 4297212.8424079102,14390248.8584543 4297256.9592938898,14390220.675989 4297324.2311271802,14390208.029254001 4297324.9825900504))"
"106","2.15","5","541340","2002","2002년도 제 15호태풍 루사 집중호우","농경지 침수 및 농작물 피해, 하우스 파손","20020831","20020901","1600","0000","47","47130","POLYGON((14392094.023801699 4298650.9126093602,14392072.3647494 4298639.8024898497,14392041.9675069 4298624.0551812397,14392014.7874195 4298609.6829904504,14391986.8065484 4298594.8967559803,14391986.472350501 4298595.0478791697,14391986.275017099 4298594.6131116403,14391965.993777599 4298550.3023282802,14391944.8244294 4298504.4119398203,14391924.356965899 4298459.5727138901,14391914.1997729 4298437.0608437601,14391893.8948458 4298392.07486152,14391885.583712401 4298373.6655143499,14391876.3392573 4298353.0990195395,14391875.2658759 4298350.7105336403,14391988.640575999 4298299.2917715898,14391998.6581815 4298321.7378976401,14392017.2050703 4298363.0944776898,14392027.342983199 4298385.7127316501,14392058.069298699 4298453.3680003099,14392078.867890799 4298498.9213726297,14392104.3035772 4298554.8874740899,14392103.9589309 4298562.9449313497,14392102.5487621 4298568.2568222601,14392093.8838898 4298600.7315898295,14392086.7435026 4298628.07125495,14392087.3244629 4298633.0671171397,14392094.023801699 4298650.9126093602))"
"143","1.24","3","541340","2002","2002년도 제 15호태풍 루사 집중호우","농경지 침수 및 농작물 피해, 하우스 파손","20020831","20020901","1600","0000","47","47130","POLYGON((14391207.919895399 4297813.4928062996,14391108.3893262 4297591.6414146898,14391226.672448499 4297537.6763322204,14391215.958501801 4297563.6246929597,14391210.6722249 4297581.2201326303,14391211.9627719 4297589.7731764298,14391220.1935615 4297604.3513409803,14391228.593152501 4297608.39377758,14391253.709843401 4297609.8221325995,14391321.6809243 4297762.1938362299,14391207.919895399 4297813.4928062996))"
"127","2.11","5","47274","2002","2002년도 제 15호태풍 루사 집중호우","농경지 침수 및 농작물 피해, 하우스 파손","20020831","20020901","1600","0000","47","47130","POLYGON((14391716.3287162 4300858.3033077298,14391699.4069096 4300852.03387147,14391693.0481198 4300849.2856067,14391670.5697618 4300838.4555085404,14391651.033349499 4300822.7813326698,14391625.769540399 4300808.8339508399,14391595.4792984 4300790.1144487103,14391712.0460521 4300785.8394194003,14391715.8801789 4300834.5973600401,14391716.3287162 4300858.3033077298))"
"226","1.25","3","47274","2002","2002년도 제 15호태풍 루사 집중호우","농경지 침수 및 농작물 피해, 하우스 파손","20020831","20020901","1600","0000","47","47130","POLYGON((14391368.504460599 4300913.8440428199,14391410.535661999 4300892.0116506601,14391431.2008688 4300908.6493060002,14391447.4942089 4300914.6240978101,14391476.424610799 4300899.9382034102,14391533.9136241 4300876.4587479196,14391547.6254563 4300902.0118632196,14391576.812989401 4300887.8311835704,14391588.7237828 4300910.5523372795,14391559.2393318 4300925.36482374,14391510.1935996 4300951.2818828505,14391439.646337399 4300954.6988989403,14391401.0377429 4300974.6042328896,14391368.504460599 4300913.8440428199))"
"126","2.13","5","591725","2002","2002년도 제 15호태풍 루사 집중호우","농경지 침수 및 농작물 피해, 하우스 파손","20020831","20020901","1600","0000","47","47130","POLYGON((14390038.408106901 4297590.3827227801,14390040.5588104 4297588.8247343404,14390063.4316481 4297581.1833280297,14390080.223125899 4297579.52207777,14390087.235072499 4297580.8220131602,14390092.328252399 4297568.8272097297,14390097.0687043 4297570.9437991297,14390088.1278913 4297591.4167591296,14390076.387428701 4297618.6028299099,14390066.518176701 4297626.3543985598,14390038.408106901 4297590.3827227801))"
"227","1.75","2","421755","2002","2002년도 제 15호태풍 루사 집중호우","농경지 침수 및 농작물 피해, 하우스 파손","20020831","20020901","1600","0000","47","47130","POLYGON((14392363.7650577 4300228.67581248,14392375.0058647 4300210.0746024996,14392383.2532898 4300196.4283343898,14392400.2871443 4300214.9843495796,14392482.8253313 4300274.6603374202,14392470.118342699 4300295.3768261801,14392363.7650577 4300228.67581248))"
"124","2.13","5","591725","2002","2002년도 제 15호태풍 루사 집중호우","농경지 침수 및 농작물 피해, 하우스 파손","20020831","20020901","1600","0000","47","47130","POLYGON((14390669.798974101 4297651.9365716102,14390667.5140674 4297650.6065664403,14390611.896048 4297615.6300932998,14390598.4002716 4297607.4717544904,14390590.900975101 4297619.6143206004,14390564.430582801 4297602.19916429,14390535.205262 4297585.7119805096,14390521.4556973 4297576.4867957104,14390508.634838199 4297567.3784474302,14390484.2182607 4297552.1630971199,14390536.3202467 4297469.3657869501,14390615.782174001 4297518.2088595703,14390655.5660224 4297542.7511219904,14390713.805568101 4297577.9573763199,14390669.798974101 4297651.9365716102))"
"136","0.85","2","111757","2002","2002년도 제 15호태풍 루사 집중호우","농경지 침수 및 농작물 피해, 하우스 파손","20020831","20020901","1600","0000","47","47130","POLYGON((14391989.8673354 4301321.4591327896,14391989.4052925 4301280.9363027802,14391988.1117884 4301267.4884011103,14391994.9533972 4301222.4310584404,14391998.5713485 4301180.0076727504,14391998.7684312 4301177.6980390102,14392006.8196471 4301170.3105527498,14392019.535038801 4301136.976144,14392035.6079647 4301094.8511186102,14392076.5110774 4301100.5871979501,14392066.585356601 4301142.6145043299,14392150.9365422 4301152.72307334,14392136.883689901 4301198.2016964797,14392124.2449892 4301240.4359432003,14392114.889501801 4301271.7111375201,14392110.3573328 4301277.7851871001,14392095.8709496 4301280.9121102104,14392080.0266544 4301278.9643367697,14392064.066059601 4301275.3131648302,14392054.3995832 4301270.5905582504,14392038.3107164 4301269.1132707102,14392032.966693399 4301270.27870047,14392025.516086699 4301283.3555344297,14392007.161401 4301306.8531974601,14391989.8673354 4301321.4591327896))"
"102","0.32","1","275165","2002","2002년도 제 15호태풍 루사 집중호우","농경지 침수 및 농작물 피해, 하우스 파손","20020831","20020901","1600","0000","47","47130","POLYGON((14391175.561438899 4299363.6923699901,14391157.428249801 4299346.2884174297,14391146.5775146 4299333.2927059,14391126.523714701 4299309.3346318603,14391149.1984517 4299287.9113459401,14391160.5670732 4299302.3650946496,14391183.6236677 4299281.5206453903,14391242.025920199 4299344.9386264104,14391182.2664767 4299360.4458082104,14391175.561438899 4299363.6923699901))"
"41","1.24","3","541340","2002","2002년도 제 15호태풍 루사 집중호우","농경지 침수 및 농작물 피해, 하우스 파손","20020831","20020901","1600","0000","47","47130","POLYGON((14391414.4124572 4297636.6236540498,14391396.969349099 4297598.3884078404,14391415.966164 4297597.9592863498,14391429.4037678 4297587.4846341703,14391431.125213999 4297576.1533508804,14391450.3075311 4297567.1475657197,14391456.1302872 4297581.2710630102,14391513.9829951 4297555.5478144698,14391527.722874399 4297586.2149374299,14391414.4124572 4297636.6236540498))"
"245","1.84","2","541340","2002","2002년도 제 15호태풍 루사 집중호우","농경지 침수 및 농작물 피해, 하우스 파손","20020831","20020901","1600","0000","47","47130","POLYGON((14391973.5944869 4298245.9099818598,14391953.354145501 4298200.9719449598,14392059.994859301 4298150.9042316601,14392068.268851001 4298175.0683850003,14392083.932824999 4298195.4668773999,14391973.5944869 4298245.9099818598))"
"194","1.21","3","591725","2002","2002년도 제 15호태풍 루사 집중호우","농경지 침수 및 농작물 피해, 하우스 파손","20020831","20020901","1600","0000","47","47130","POLYGON((14390832.6444516 4297531.9501859797,14390837.6877132 4297524.4543965301,14390843.5570413 4297495.0007001003,14390846.980952799 4297487.4348457903,14390860.813340601 4297487.4838278098,14390864.1415022 4297488.4412808204,14390870.1285241 4297490.1638185196,14390884.065039299 4297493.3614384504,14390841.5902513 4297534.9489618503,14390832.6444516 4297531.9501859797))"
"38","0.42","1","47274","2002","2002년도 제 15호태풍 루사 집중호우","농경지 침수 및 농작물 피해, 하우스 파손","20020831","20020901","1600","0000","47","47130","POLYGON((14390899.6469243 4300790.5831904802,14390900.346517101 4300788.6627542796,14390902.511608601 4300773.0379659999,14390903.1020486 4300766.1291092401,14390900.083869301 4300745.0719611803,14390903.5670231 4300735.0832111305,14390904.117669201 4300728.9148849603,14390910.699043799 4300717.2566653602,14390917.1853757 4300707.4192463402,14390921.648840001 4300710.6160575999,14390932.587497801 4300717.1104123304,14390946.309071001 4300727.1734419698,14390969.3786055 4300742.6887018001,14390976.881317699 4300746.5784398997,14390987.9042328 4300753.6219575703,14390999.609770199 4300759.6949995896,14391017.070561999 4300766.0506343897,14391024.291435501 4300769.8150175205,14391029.668849399 4300773.0945438799,14391029.816346399 4300768.9609018201,14391030.667506199 4300764.7173737604,14391035.3490816 4300757.1505945399,14391044.6564539 4300749.9244289901,14391052.1178915 4300744.4108401099,14391055.5348616 4300738.0693084998,14391057.750004601 4300735.0831386903,14391063.5279737 4300739.8421770604,14391081.9314829 4300761.3265639497,14391094.5739666 4300753.3252752498,14391097.9860553 4300751.4083515499,14391107.6759314 4300747.5935686799,14391110.177928099 4300757.0570721896,14391113.715931499 4300764.32381278,14391114.166601 4300768.6841564002,14391113.783188101 4300774.6498673698,14391105.574335299 4300789.98117969,14391098.0168876 4300798.6337180296,14391090.4064618 4300808.6947276201,14391076.214488501 4300817.2111777896,14391075.1230257 4300832.1055083703,14391074.5475803 4300833.3596930197,14391067.7158182 4300824.4825133998,14391067.7101121 4300822.3931357898,14391064.418443 4300819.7348127402,14391051.722686199 4300821.9983026097,14391021.531550899 4300835.4904395305,14391017.792101501 4300836.0098161995,14390998.4625489 4300833.96011623,14390990.659035301 4300834.6007921305,14390984.703144001 4300836.8327032104,14390975.7594402 4300837.7693712004,14390971.512248401 4300835.5441755801,14390964.3168511 4300835.5871042898,14390956.3740668 4300834.1883287299,14390947.7014114 4300831.33971244,14390934.231995899 4300821.9157516304,14390928.4276166 4300817.4701727899,14390910.7977763 4300806.7203107104,14390904.534411401 4300800.9901178395,14390902.6395874 4300796.2108752504,14390899.6469243 4300790.5831904802))"
"70","1.75","2","421755","2002","2002년도 제 15호태풍 루사 집중호우","농경지 침수 및 농작물 피해, 하우스 파손","20020831","20020901","1600","0000","47","47130","POLYGON((14392414.8172831 4300778.8415289503,14392441.8751097 4300739.6020727204,14392506.7534089 4300647.6071823696,14392533.2828777 4300680.16700661,14392531.742739599 4300684.1958359098,14392530.381804099 4300687.7999961004,14392527.727277899 4300687.8338484596,14392528.0734205 4300690.0610472299,14392522.5652033 4300696.9835234396,14392506.0304258 4300716.4636115199,14392489.126338201 4300735.1536878897,14392472.9125167 4300752.1139418697,14392439.4456084 4300780.8867009496,14392429.615119001 4300788.71850063,14392414.8172831 4300778.8415289503))"
"15","0.86","2","421755","2002","2002년도 제 15호태풍 루사 집중호우","농경지 침수 및 농작물 피해, 하우스 파손","20020831","20020901","1600","0000","47","47130","POLYGON((14392081.7622144 4300771.5157038597,14392080.2412236 4300734.7316546403,14392077.7071249 4300672.5809891,14392124.0974967 4300670.9953057598,14392127.4725306 4300769.9428782295,14392081.7622144 4300771.5157038597))"
"158","0.18","1","591725","2002","2002년도 제 15호태풍 루사 집중호우","농경지 침수 및 농작물 피해, 하우스 파손","20020831","20020901","1600","0000","47","47130","POLYGON((14390620.092872901 4296812.4098607702,14390590.273616901 4296778.64243815,14390612.409511101 4296746.4207052896,14390633.6060622 4296713.7079240102,14390634.2892463 4296715.6994588003,14390643.8788804 4296709.0791427204,14390657.8321578 4296702.64607237,14390687.3602603 4296787.2017836096,14390620.092872901 4296812.4098607702))"
"48","0.95","2","591725","2002","2002년도 제 15호태풍 루사 집중호우","농경지 침수 및 농작물 피해, 하우스 파손","20020831","20020901","1600","0000","47","47130","POLYGON((14390133.0139257 4297503.7113480903,14390142.5883533 4297481.1087324796,14390150.663229 4297461.8494696002,14390160.342799 4297466.0603343695,14390153.557238 4297487.4665613696,14390142.2981533 4297508.1651806803,14390133.0139257 4297503.7113480903))"
"293","0.75","2","140736","2002","2002년도 제 15호태풍 루사 집중호우","농경지 침수 및 농작물 피해, 하우스 파손","20020831","20020901","1600","0000","47","47130","POLYGON((14391156.761719201 4298895.98097183,14391176.711254099 4298884.5546330996,14391201.274047799 4298871.4511986403,14391227.8992681 4298859.1819076696,14391321.260350199 4298924.0916771097,14391282.529914999 4298981.0920760697,14391156.761719201 4298895.98097183))"
"36","1.84","2","541340","2002","2002년도 제 15호태풍 루사 집중호우","농경지 침수 및 농작물 피해, 하우스 파손","20020831","20020901","1600","0000","47","47130","POLYGON((14391503.201781601 4298160.19642107,14391414.4009912 4297960.8638289096,14391436.136432201 4297925.8818630204,14391492.690212401 4297833.6136086099,14391618.162549 4298112.2332120296,14391563.414274801 4298135.9930978902,14391516.2470404 4298153.9598323796,14391503.201781601 4298160.19642107))"
"4","2.88","5","591725","2002","2002년도 제 15호태풍 루사 집중호우","농경지 침수 및 농작물 피해, 하우스 파손","20020831","20020901","1600","0000","47","47130","POLYGON((14390639.488038899 4297728.26818108,14390614.125594901 4297744.6926758699,14390588.038564701 4297756.2666857997,14390572.159902601 4297761.0034603002,14390551.504744399 4297765.3121880703,14390543.2472366 4297768.3899185704,14390527.391155999 4297771.4841155997,14390506.361633901 4297773.0032311296,14390479.2852934 4297771.3910119804,14390418.527803101 4297744.5596162602,14390337.837703001 4297702.6795037296,14390321.4033764 4297694.2612375496,14390290.0539921 4297678.19653494,14390265.9100192 4297666.10039654,14390260.572964501 4297663.3778118296,14390266.3356579 4297662.38137889,14390269.188642099 4297652.6909834202,14390269.3930253 4297641.2390256198,14390269.469414599 4297637.17978827,14390289.5714348 4297637.2334763398,14390295.868484501 4297636.2525827698,14390297.099961501 4297633.3952272097,14390318.5691045 4297633.4720433503,14390326.746551 4297631.2875849502,14390345.183579501 4297629.6691872803,14390368.836045301 4297637.2381885098,14390381.767267801 4297644.3132826099,14390411.469201701 4297652.2544573797,14390416.636548599 4297644.4804754304,14390426.318700699 4297633.44236614,14390460.369613901 4297596.9216784704,14390474.156044699 4297578.43494251,14390477.299321299 4297577.3624610202,14390491.5107312 4297588.0554310204,14390497.094358699 4297596.8641508603,14390500.4478197 4297614.3385433704,14390491.7273061 4297620.9435503203,14390486.717020299 4297626.19042324,14390485.2500882 4297638.0029567201,14390474.608255399 4297651.9164816504,14390470.072495701 4297660.5254330803,14390467.3243543 4297668.3580954196,14390467.822184101 4297682.3896164196,14390462.969129199 4297687.3419753602,14390471.543869801 4297690.0629058704,14390474.556535 4297683.2984252404,14390474.518827399 4297669.6348634604,14390479.912536001 4297656.5643767202,14390489.1730392 4297641.2700781403,14390507.568835599 4297650.2204333404,14390524.825809 4297657.0739056002,14390528.348625701 4297666.4660410397,14390530.1163163 4297674.5071881404,14390534.9634904 4297694.7099658297,14390538.1003702 4297701.1407081196,14390539.9365816 4297710.3407096202,14390538.103977101 4297720.6715639597,14390559.089332899 4297723.3479785202,14390570.6184451 4297724.6503158202,14390571.360984599 4297724.7343484303,14390574.7419319 4297726.2384365797,14390578.398886399 4297724.6773671499,14390620.8565134 4297717.0172605403,14390625.7979842 4297716.1260332298,14390642.177935399 4297710.6461713202,14390653.920339899 4297717.5362298796,14390639.488038899 4297728.26818108))"
"259","2.88","5","591725","2002","2002년도 제 15호태풍 루사 집중호우","농경지 침수 및 농작물 피해, 하우스 파손","20020831","20020901","1600","0000","47","47130","POLYGON((14389577.199575201 4297795.5637099901,14389533.510268699 4297736.5530377496,14389554.2617172 4297723.3036081502,14389588.7822237 4297701.5147262001,14389629.185991401 4297753.6185890799,14389597.2070262 4297780.5147774303,14389577.199575201 4297795.5637099901))"
"184","2.15","5","541340","2002","2002년도 제 15호태풍 루사 집중호우","농경지 침수 및 농작물 피해, 하우스 파손","20020831","20020901","1600","0000","47","47130","POLYGON((14391722.239738001 4298344.2186549203,14391750.7694165 4298407.5304058697,14391707.2339746 4298388.6055383803,14391657.6519982 4298373.2055519102,14391722.239738001 4298344.2186549203))"
"286","1.68","2","47274","2002","2002년도 제 15호태풍 루사 집중호우","농경지 침수 및 농작물 피해, 하우스 파손","20020831","20020901","1600","0000","47","47130","POLYGON((14391402.7819563 4300893.41556744,14391356.9527936 4300806.47815153,14391426.1081775 4300770.1273016799,14391471.3094496 4300857.7542887898,14391402.7819563 4300893.41556744))"
"112","2.13","5","591725","2002","2002년도 제 15호태풍 루사 집중호우","농경지 침수 및 농작물 피해, 하우스 파손","20020831","20020901","1600","0000","47","47130","POLYGON((14390489.1730392 4297641.2700781403,14390500.286284201 4297624.6175895901,14390504.0483247 4297622.8133267397,14390506.464330999 4297621.6536648003,14390509.448984999 4297619.9134430401,14390509.591909699 4297621.6030144999,14390511.750794999 4297628.7623778703,14390517.9652707 4297636.4003953002,14390545.283395199 4297645.1138716098,14390569.220435601 4297654.7196238702,14390643.9620497 4297689.4142942596,14390651.357045 4297693.0083107604,14390627.170511199 4297713.4465975501,14390620.8565134 4297717.0172605403,14390578.398886399 4297724.6773671499,14390574.7419319 4297726.2384365797,14390570.9897137 4297724.6922701504,14390538.103977101 4297720.6715639597,14390539.9365816 4297710.3407096202,14390538.1003702 4297701.1407081196,14390534.9634904 4297694.7099658297,14390528.348625701 4297666.4660410397,14390524.825809 4297657.0739056002,14390507.568835599 4297650.2204333404,14390489.1730392 4297641.2700781403))"
"224","0.42","1","47274","2002","2002년도 제 15호태풍 루사 집중호우","농경지 침수 및 농작물 피해, 하우스 파손","20020831","20020901","1600","0000","47","47130","POLYGON((14391082.6927802 4300831.2555782096,14391079.3623487 4300831.5092277899,14391080.3329808 4300822.8283722596,14391081.764200499 4300818.96628867,14391093.117337801 4300811.1835723203,14391109.7778595 4300791.5898836302,14391118.104277 4300771.4989389498,14391118.4504022 4300764.0923081702,14391112.6232168 4300750.7504366497,14391113.7550223 4300737.9445678303,14391119.945615601 4300725.6503483597,14391120.335121101 4300707.9580176296,14391112.512068899 4300700.4320672397,14391111.1568029 4300698.2954969304,14391124.004947601 4300695.0136556197,14391143.204206601 4300685.1845560903,14391147.1340113 4300682.5295306202,14391149.9122511 4300676.9052506303,14391150.8561299 4300674.11131809,14391154.5784197 4300672.7935250802,14391166.976851 4300673.7998808604,14391172.7793575 4300674.9464632701,14391175.775243901 4300676.9865904897,14391182.655132599 4300682.7285794904,14391189.8097507 4300685.8506415803,14391187.769125599 4300709.8454251401,14391188.231369199 4300722.3317948896,14391185.7028859 4300740.24085759,14391178.388758 4300770.35622105,14391176.983813699 4300770.3602644196,14391170.7466205 4300771.3725140803,14391165.7538657 4300772.77042027,14391155.8514203 4300775.5433689598,14391152.275165999 4300800.2461088803,14391146.939973701 4300802.7404859997,14391130.956862601 4300806.8854847597,14391122.3776491 4300810.0462305201,14391106.5719907 4300812.8045091201,14391100.2027729 4300815.9465785204,14391093.455593999 4300814.7740842504,14391085.703165101 4300820.0016946904,14391082.958097201 4300824.6613727901,14391082.6927802 4300831.2555782096))"
"155","1.28","3","421755","2002","2002년도 제 15호태풍 루사 집중호우","농경지 침수 및 농작물 피해, 하우스 파손","20020831","20020901","1600","0000","47","47130","POLYGON((14392000.292181799 4300467.8608707804,14391962.4660111 4300445.1869433401,14392030.9476141 4300337.8427231302,14392062.728706701 4300357.8608509498,14392067.2197106 4300360.6957548801,14392000.292181799 4300467.8608707804))"
"63","0.2","1","541340","2002","2002년도 제 15호태풍 루사 집중호우","농경지 침수 및 농작물 피해, 하우스 파손","20020831","20020901","1600","0000","47","47130","POLYGON((14390836.5329233 4297739.4612064799,14390837.5465889 4297791.2265867703,14390828.0144857 4297814.7975439299,14390807.005277401 4297848.8150268598,14390805.718003299 4297862.6271628402,14390814.596181201 4297927.5583358305,14390811.765554801 4297946.4764744099,14390790.0291843 4297933.2004160499,14390788.7106758 4297929.1178383902,14390783.9782985 4297915.8469821196,14390778.3996266 4297898.7153468896,14390786.3272826 4297801.1810940905,14390836.5329233 4297739.4612064799))"
"225","0.61","2","541340","2002","2002년도 제 15호태풍 루사 집중호우","농경지 침수 및 농작물 피해, 하우스 파손","20020831","20020901","1600","0000","47","47130","POLYGON((14391933.411075599 4298156.7134992499,14391923.360838501 4298134.4119740501,14391913.089282 4298111.6234705597,14392026.9514118 4298059.3883314095,14392036.439380599 4298081.8105683597,14392045.2550669 4298102.65278986,14391933.411075599 4298156.7134992499))"
"234","2.13","5","591725","2002","2002년도 제 15호태풍 루사 집중호우","농경지 침수 및 농작물 피해, 하우스 파손","20020831","20020901","1600","0000","47","47130","POLYGON((14389503.732977301 4297918.2389792698,14389500.8804661 4297914.5227749897,14389481.4801932 4297889.24633196,14389425.6723396 4297817.6813521404,14389503.5243161 4297756.97733978,14389559.6410347 4297828.7284912504,14389610.159922799 4297894.3405482201,14389617.645351401 4297904.0407687696,14389618.7953676 4297903.1469679996,14389623.148355 4297908.8973911302,14389609.8467122 4297918.88378176,14389597.262103399 4297918.5606494397,14389595.803414799 4297919.6047774199,14389545.148663601 4297918.8538091099,14389503.732977301 4297918.2389792698))"
"121","2.13","5","591725","2002","2002년도 제 15호태풍 루사 집중호우","농경지 침수 및 농작물 피해, 하우스 파손","20020831","20020901","1600","0000","47","47130","POLYGON((14390426.318700699 4297633.44236614,14390416.636548599 4297644.4804754304,14390411.469201701 4297652.2544573797,14390381.767267801 4297644.3132826099,14390368.836045301 4297637.2381885098,14390345.183579501 4297629.6691872803,14390326.746551 4297631.2875849502,14390299.6898566 4297608.8526589004,14390339.1564478 4297562.7033775803,14390363.212369099 4297527.9839237398,14390375.0656363 4297510.2690331396,14390367.5166531 4297505.6782176699,14390382.0422225 4297511.3961799396,14390389.978905199 4297513.7084002299,14390392.085932899 4297511.9508834397,14390392.3319757 4297521.5072633401,14390406.1478939 4297530.2401763098,14390406.134789299 4297536.7375156796,14390409.3213581 4297537.9905963503,14390411.808003901 4297533.3172431998,14390413.607213801 4297531.3872652501,14390450.310380301 4297547.7697245199,14390459.453707799 4297553.9256058102,14390457.2968811 4297565.7871073997,14390460.044902099 4297574.4971650699,14390465.4318629 4297577.0027011801,14390474.156044699 4297578.43494251,14390460.369613901 4297596.9216784704,14390426.318700699 4297633.44236614))"
"104","2.6","5","541340","2002","2002년도 제 15호태풍 루사 집중호우","농경지 침수 및 농작물 피해, 하우스 파손","20020831","20020901","1600","0000","47","47130","POLYGON((14391865.112460099 4298523.9834987,14391842.014591699 4298515.4685940798,14391787.710050801 4298486.23241466,14391758.995839501 4298470.4535849504,14391729.7427285 4298455.5948697003,14391743.9093589 4298445.11701125,14391763.0796338 4298428.8941233102,14391768.6335997 4298423.1759465002,14391787.667170299 4298442.2485876,14391810.9795704 4298461.4314585105,14391824.023402199 4298472.6923559001,14391849.1531718 4298491.9567520199,14391858.9016835 4298504.5609069504,14391867.261087099 4298515.2836202998,14391865.112460099 4298523.9834987))"
"188","1.26","3","111757","2002","2002년도 제 15호태풍 루사 집중호우","농경지 침수 및 농작물 피해, 하우스 파손","20020831","20020901","1600","0000","47","47130","POLYGON((14392535.5736694 4300779.9402507599,14392530.5959798 4300777.9930013204,14392520.627056001 4300776.2406840604,14392523.5150044 4300771.1427752702,14392533.0925835 4300757.5303131901,14392542.833202999 4300761.9792568795,14392540.6127203 4300766.7440790497,14392540.6689911 4300768.2134199096,14392535.5736694 4300779.9402507599))"
"201","0.95","2","591725","2002","2002년도 제 15호태풍 루사 집중호우","농경지 침수 및 농작물 피해, 하우스 파손","20020831","20020901","1600","0000","47","47130","POLYGON((14390474.8323396 4296878.4447158296,14390517.1748659 4296827.3363889102,14390566.456010399 4296801.7215497298,14390586.912306 4296783.8199006496,14390588.042646199 4296781.99325528,14390609.7868939 4296806.0817016801,14390681.8432655 4296886.6480324604,14390687.546751801 4296892.9730892098,14390726.469171699 4296937.5222474504,14390754.1685779 4296968.9576667696,14390761.036189901 4296975.4121115599,14390746.8762281 4296999.3251057602,14390645.814288899 4296937.7483340604,14390574.269752299 4296891.8281429103,14390586.527935199 4296870.4932674496,14390571.4268688 4296890.3401309503,14390553.093379499 4296919.5589971999,14390526.5539314 4296902.8753186502,14390523.487473501 4296908.4685340496,14390474.8323396 4296878.4447158296))"
"151","1.28","3","421755","2002","2002년도 제 15호태풍 루사 집중호우","농경지 침수 및 농작물 피해, 하우스 파손","20020831","20020901","1600","0000","47","47130","POLYGON((14392559.2430057 4300317.5229128301,14392538.4762778 4300351.44147861,14392526.9767201 4300351.2836772902,14392518.359592499 4300352.2072372399,14392500.9414191 4300343.69402174,14392351.4285086 4300249.4408155503,14392363.7650577 4300228.67581248,14392470.118342699 4300295.3768261801,14392482.8253313 4300274.6603374202,14392484.6910553 4300275.9991126098,14392559.2430057 4300317.5229128301))"
"29","1.84","2","541340","2002","2002년도 제 15호태풍 루사 집중호우","농경지 침수 및 농작물 피해, 하우스 파손","20020831","20020901","1600","0000","47","47130","POLYGON((14391873.448607299 4298346.7373137698,14391750.6602636 4298073.1208581598,14391864.3693824 4298023.4359732699,14391986.7776176 4298294.9678536998,14391873.448607299 4298346.7373137698))"
"152","1.71","2","275165","2002","2002년도 제 15호태풍 루사 집중호우","농경지 침수 및 농작물 피해, 하우스 파손","20020831","20020901","1600","0000","47","47130","POLYGON((14391261.770563301 4300159.1001603603,14391194.189767599 4300085.2069233702,14391216.510429099 4300064.3405188099,14391158.7516382 4300001.2989546601,14391163.7832599 4299981.9232074805,14391165.028415499 4299979.4843680896,14391173.4873541 4299971.64916535,14391219.224865301 4299929.1940190699,14391241.5746751 4299909.3265271802,14391310.728145 4299846.0330843404,14391311.188802401 4299839.0728480602,14391326.049063001 4299829.1748236399,14391332.935900301 4299823.2404277297,14391332.201375401 4299822.3895314299,14391468.8659011 4299695.6696246397,14391536.113065301 4299769.5918173902,14391603.991536001 4299843.4188829605,14391444.169421099 4299990.6718023904,14391398.5906379 4300032.7276926097,14391375.7990153 4300053.7964138398,14391329.796861799 4300095.9261403596,14391261.770563301 4300159.1001603603))"
"278","1.64","2","111757","2002","2002년도 제 15호태풍 루사 집중호우","농경지 침수 및 농작물 피해, 하우스 파손","20020831","20020901","1600","0000","47","47130","POLYGON((14392280.0986169 4301323.2650538497,14392285.358497599 4301285.7189652603,14392215.138196301 4301301.6607868699,14392226.353640901 4301252.4092019396,14392229.9085136 4301236.7976022698,14392235.045301899 4301214.2490034597,14392148.5807338 4301232.3678001398,14392160.824957799 4301184.3758056797,14392145.520155501 4301187.9562197197,14392158.0302813 4301147.3388440004,14392207.2975353 4301134.9966039499,14392211.395571301 4301102.7786068497,14392263.040673399 4301089.6523044799,14392300.651755501 4301080.0938573703,14392303.4073519 4301096.8868084401,14392307.254629999 4301109.95878621,14392321.337761899 4301125.2626895905,14392327.303617699 4301138.2480025701,14392329.987524699 4301149.0808703499,14392337.5273619 4301155.7108797198,14392336.097062601 4301172.8326765802,14392325.8671667 4301230.7576181898,14392317.3887395 4301278.44748329,14392309.3027524 4301323.9486987898,14392280.0986169 4301323.2650538497))"
"55","1.84","2","541340","2002","2002년도 제 15호태풍 루사 집중호우","농경지 침수 및 농작물 피해, 하우스 파손","20020831","20020901","1600","0000","47","47130","POLYGON((14391490.559023499 4297806.1220129402,14391414.4124572 4297636.6236540498,14391527.722874399 4297586.2149374299,14391569.2027313 4297679.62696438,14391534.9876977 4297734.7517753802,14391490.559023499 4297806.1220129402))"
"260","2.88","5","591725","2002","2002년도 제 15호태풍 루사 집중호우","농경지 침수 및 농작물 피해, 하우스 파손","20020831","20020901","1600","0000","47","47130","POLYGON((14390194.081137 4297480.7558456203,14390210.480660601 4297489.7583471499,14390241.3575314 4297495.71263,14390266.891692 4297500.9340373296,14390292.425870599 4297506.1551380102,14390299.1563507 4297508.8849948104,14390306.992560901 4297509.3146130498,14390300.0342043 4297517.4934952296,14390253.124562999 4297572.6189714205,14390218.6381546 4297544.8101302097,14390142.2981533 4297508.1651806803,14390153.557238 4297487.4665613696,14390160.342799 4297466.0603343695,14390194.081137 4297480.7558456203))"
"257","1.24","3","541340","2002","2002년도 제 15호태풍 루사 집중호우","농경지 침수 및 농작물 피해, 하우스 파손","20020831","20020901","1600","0000","47","47130","POLYGON((14391814.8969636 4297891.4027698403,14391804.755044401 4297868.8735624496,14391794.357840801 4297845.9373759003,14391766.1456629 4297784.30900071,14391731.8176028 4297708.9417207297,14391733.069428001 4297708.1307879305,14391758.7168578 4297720.1862439103,14391796.915963 4297742.4563388396,14391805.677281 4297747.2397337798,14391816.1939929 4297752.9789497303,14391822.8834356 4297758.0225082599,14391833.872920999 4297763.6474933801,14391839.423728701 4297766.4096594704,14391840.035833601 4297776.5529763801,14391839.6816245 4297777.4205924403,14391841.096205899 4297781.7209540196,14391854.5398912 4297792.3185267197,14391857.325113 4297795.5388904996,14391858.3082998 4297797.0732655898,14391874.446990401 4297808.1195495399,14391885.7704053 4297817.1257579904,14391897.0976779 4297826.9523255797,14391918.1915309 4297845.5456068404,14391814.8969636 4297891.4027698403))"
"266","1.75","2","421755","2002","2002년도 제 15호태풍 루사 집중호우","농경지 침수 및 농작물 피해, 하우스 파손","20020831","20020901","1600","0000","47","47130","POLYGON((14391752.5854325 4299903.8583122902,14391748.4549447 4299835.4167688396,14391748.4439061 4299811.8385707298,14391760.1137313 4299773.5811422104,14391766.9761937 4299758.9157656701,14391776.8904473 4299745.4777667299,14391815.7375615 4299788.39690015,14391839.0571946 4299814.2570558302,14391817.9121786 4299836.5639567599,14391795.429159399 4299857.6742536696,14391774.145564999 4299881.1956133097,14391752.5854325 4299903.8583122902))"
"97","0.18","1","591725","2002","2002년도 제 15호태풍 루사 집중호우","농경지 침수 및 농작물 피해, 하우스 파손","20020831","20020901","1600","0000","47","47130","POLYGON((14390481.644861501 4296822.5065035904,14390476.8043915 4296827.8330870904,14390475.7078405 4296829.6317088697,14390426.2803379 4296907.6419502199,14390423.1540916 4296912.5807797499,14390417.1472592 4296908.5265405299,14390393.940372299 4296906.3075549798,14390396.7753025 4296904.9606804401,14390391.6356925 4296904.76788738,14390384.280920601 4296900.6739927102,14390385.1270086 4296893.8028607201,14390389.546853499 4296886.2112108096,14390397.7064826 4296860.7227753997,14390391.2614008 4296852.2292591501,14390376.500035999 4296877.6431769198,14390366.008821899 4296866.2688365802,14390372.059111301 4296855.5985088004,14390382.046160299 4296840.3068039902,14390387.665034501 4296830.29621395,14390392.056373499 4296828.0452921297,14390404.594517199 4296827.1584982397,14390418.4852443 4296824.7931502396,14390433.180799801 4296817.5846714703,14390441.791128799 4296816.0597492503,14390471.6184041 4296822.5156535599,14390477.623135399 4296823.5278596301,14390481.644861501 4296822.5065035904))"
"168","1.26","3","111757","2002","2002년도 제 15호태풍 루사 집중호우","농경지 침수 및 농작물 피해, 하우스 파손","20020831","20020901","1600","0000","47","47130","POLYGON((14392105.0328873 4301100.8308206303,14392118.6417302 4301047.8201807803,14392068.784753799 4301043.7702989699,14392083.9557337 4301023.5638101203,14392089.4590727 4301016.2346952297,14392098.376262899 4301004.3577995198,14392098.535704 4301003.9791356297,14392101.531444199 4300996.9240718503,14392115.4555002 4300983.55961865,14392206.5773568 4300970.8019591402,14392194.8747127 4301008.7369182101,14392181.3261216 4301052.9115546104,14392164.231468501 4301108.6707087504,14392105.0328873 4301100.8308206303))"
"80","1.28","3","591725","2002","2002년도 제 15호태풍 루사 집중호우","농경지 침수 및 농작물 피해, 하우스 파손","20020831","20020901","1600","0000","47","47130","POLYGON((14390276.0381168 4297194.0318583697,14390272.7028722 4297180.8916722303,14390271.102850899 4297174.9059450403,14390322.1083066 4297094.6144852797,14390330.809760099 4297100.0974049997,14390286.238646001 4297169.5919409804,14390276.0381168 4297194.0318583697))"
